assistedflash,assister_name,assister_steamid,attacker_name,attacker_steamid,attackerblind,attackerinair,distance,dmg_armor,dmg_health,dominated,headshot,hitgroup,noreplay,noscope,penetrated,revenge,thrusmoke,tick,user_name,user_steamid,weapon,weapon_fauxitemid,weapon_itemid,weapon_originalowner_xuid,wipe
False,,,4TAYLOR,76561198852710277,False,False,1.8863151,13,153,0,False,generic,False,False,0,0,False,2023,sathsea,76561198401647782,knife_t,17293822569102704699,0,,0
False,Majesticzz,76561198144801954,CULIACAN,76561198166020071,False,False,0.8674191,4,55,0,False,generic,False,False,0,0,False,2072,tender272,76561197993724724,knife_t,17293822569102704699,0,,0
False,,,juna,76561198366358433,False,False,1.1204005,4,55,0,False,generic,False,False,0,0,False,2107,4TAYLOR,76561198852710277,knife_skeleton,17293822569106571789,44485103306,,0
False,4TAYLOR,76561198852710277,CULIACAN,76561198166020071,False,False,1.6381023,13,153,0,False,generic,False,False,0,0,False,2190,juna,76561198366358433,knife_t,17293822569102704699,0,,0
False,,,Majesticzz,76561198144801954,False,False,1.0791276,13,153,0,False,generic,False,False,0,0,False,2251,wasteyute,76561199373196281,knife_butterfly,17293822569175450115,45837259540,,0
False,,,a_m_c,76561198804371130,False,False,0.91108614,4,55,0,False,generic,False,False,0,0,False,2508,micro,76561198072040762,knife_t,17293822569102704699,0,,0
False,,,a_m_c,76561198804371130,False,False,8.1044035,0,131,0,True,head,False,False,0,0,False,6540,tender272,76561197993724724,elite,17293822569102704642,0,,0
False,Majesticzz,76561198144801954,4TAYLOR,76561198852710277,False,False,6.6247187,0,135,0,True,head,False,False,0,0,False,6713,micro,76561198072040762,elite,17293822569102704642,0,,0
False,,,a_m_c,76561198804371130,False,False,9.624949,0,128,0,True,head,False,False,0,0,False,7112,sathsea,76561198401647782,elite,17293822569102704642,0,,0
False,,,spamzzy,76561198003724030,False,False,11.246205,0,129,0,True,head,False,False,0,0,False,7217,wasteyute,76561199373196281,usp_silencer,17293822569174925373,45820039912,,0
False,,,juna,76561198366358433,False,False,15.3331585,0,99,0,True,head,False,False,0,0,False,7318,CULIACAN,76561198166020071,glock,17293822569105850372,45153816217,,0
False,,,spamzzy,76561198003724030,False,False,24.205948,0,117,0,True,head,False,False,0,0,False,7654,juna,76561198366358433,usp_silencer,17293822569174925373,45820039912,,0
False,,,a_m_c,76561198804371130,False,False,7.3752265,0,96,0,True,head,False,False,0,0,False,10408,micro,76561198072040762,mp9,17293822569102704674,0,,0
False,tender272,76561197993724724,juna,76561198366358433,False,False,13.512338,24,87,0,True,head,False,False,0,0,False,10418,a_m_c,76561198804371130,p250,17293822569147138084,38763884987,,0
False,,,spamzzy,76561198003724030,False,False,9.159864,0,40,0,False,stomach,False,False,0,0,False,10603,tender272,76561197993724724,m4a1,17293822569102704656,0,,0
False,a_m_c,76561198804371130,spamzzy,76561198003724030,False,False,10.685131,6,29,0,False,stomach,False,False,0,0,False,10638,juna,76561198366358433,m4a1,17293822569102704656,0,,0
False,,,4TAYLOR,76561198852710277,False,False,8.263712,0,127,0,True,head,False,False,0,0,False,10672,sathsea,76561198401647782,m4a1_silencer,17293822569179119676,45861558567,,0
False,,,Majesticzz,76561198144801954,False,False,27.357567,0,77,0,True,head,False,False,0,0,False,10750,wasteyute,76561199373196281,mp9,17293822569102704674,0,,0
False,micro,76561198072040762,sathsea,76561198401647782,False,False,28.54928,30,45,0,False,generic,False,False,0,0,False,13662,Majesticzz,76561198144801954,hegrenade,,,,0
False,micro,76561198072040762,sathsea,76561198401647782,False,False,25.609226,28,42,0,False,generic,False,False,0,0,False,13662,spamzzy,76561198003724030,hegrenade,,,,0
False,sathsea,76561198401647782,micro,76561198072040762,False,False,11.241633,3,27,0,False,chest,False,False,0,0,True,13696,CULIACAN,76561198166020071,ak47,17293822569117515783,33493226775,,0
False,,,a_m_c,76561198804371130,False,False,30.531002,1,137,0,False,stomach,False,False,0,0,False,16042,tender272,76561197993724724,awp,17293822569164505097,40310144121,,0
False,spamzzy,76561198003724030,a_m_c,76561198804371130,False,False,34.516117,0,61,0,False,right_arm,False,False,2,0,False,16486,juna,76561198366358433,awp,17293822569164505097,40310144121,,0
False,,,wasteyute,76561199373196281,False,False,14.085909,3,27,0,False,neck,False,False,0,0,False,16669,a_m_c,76561198804371130,ak47,17293822569182724103,39144907834,,0
False,spamzzy,76561198003724030,4TAYLOR,76561198852710277,False,False,22.119501,5,24,0,False,chest,False,False,0,0,False,16735,micro,76561198072040762,m4a1_silencer,17293822569179119676,45861558567,,0
False,micro,76561198072040762,sathsea,76561198401647782,False,False,15.128413,15,109,0,True,head,False,False,0,0,False,17830,4TAYLOR,76561198852710277,ak47,17293822569149038599,45720362612,,0
False,,,micro,76561198072040762,False,False,28.21509,0,137,0,True,head,False,False,0,0,False,22036,Majesticzz,76561198144801954,ak47,17293822569149038599,45720362612,,0
False,micro,76561198072040762,juna,76561198366358433,False,True,6.0793395,5,15,0,False,right_arm,False,False,0,0,False,22348,CULIACAN,76561198166020071,mac10,17293822569164767249,36163115073,,0
False,,,wasteyute,76561199373196281,False,False,21.49193,4,34,0,False,stomach,False,False,0,0,False,22985,a_m_c,76561198804371130,ak47,17293822569182724103,39144907834,,0
False,,,spamzzy,76561198003724030,False,False,15.809328,6,31,0,False,stomach,False,False,0,0,False,23389,tender272,76561197993724724,m4a1_silencer,17293822569126297660,41088930174,,0
False,,,juna,76561198366358433,False,False,11.317003,5,14,0,False,chest,False,False,0,0,False,23630,4TAYLOR,76561198852710277,mac10,17293822569164767249,36163115073,,0
False,,,spamzzy,76561198003724030,False,False,10.668605,15,110,0,True,head,False,False,0,0,False,26532,wasteyute,76561199373196281,ak47,17293822569182724103,39144907834,,0
False,a_m_c,76561198804371130,Majesticzz,76561198144801954,False,False,2.6778135,5,111,0,True,head,False,False,0,0,False,32406,wasteyute,76561199373196281,fiveseven,17293822569102704643,0,,0
False,,,Majesticzz,76561198144801954,False,False,8.608707,4,101,0,True,head,False,False,0,0,False,32435,juna,76561198366358433,fiveseven,17293822569102704643,0,,0
False,,,sathsea,76561198401647782,False,False,8.050279,0,142,0,True,head,False,False,0,0,False,32586,Majesticzz,76561198144801954,ak47,17293822569149038599,45720362612,,0
False,wasteyute,76561199373196281,sathsea,76561198401647782,False,False,8.258078,0,35,0,False,chest,False,False,0,0,False,32631,a_m_c,76561198804371130,ak47,17293822569149038599,45720362612,,0
False,,,sathsea,76561198401647782,False,False,25.187485,0,43,0,False,stomach,False,False,0,0,True,34658,4TAYLOR,76561198852710277,ak47,17293822569149038599,45720362612,,0
False,a_m_c,76561198804371130,spamzzy,76561198003724030,False,False,22.497662,3,27,0,False,right_arm,False,False,0,0,False,35114,sathsea,76561198401647782,ak47,17293822569182724103,39144907834,,0
False,,,spamzzy,76561198003724030,False,False,11.9178705,0,26,0,False,left_leg,False,False,0,0,True,35207,tender272,76561197993724724,ak47,17293822569182724103,39144907834,,0
False,tender272,76561197993724724,micro,76561198072040762,False,False,19.58161,3,27,0,False,chest,False,False,0,0,False,35281,spamzzy,76561198003724030,ak47,17293822569149038599,45720362612,,0
False,,,micro,76561198072040762,False,False,15.220985,0,140,0,True,head,False,False,0,0,False,35584,CULIACAN,76561198166020071,ak47,17293822569149038599,45720362612,,0
False,,,tender272,76561197993724724,False,False,16.122177,3,27,0,False,left_arm,False,False,0,0,False,40114,spamzzy,76561198003724030,ak47,17293822569102704647,0,,0
False,,,tender272,76561197993724724,False,False,19.988968,15,108,0,True,head,False,False,0,0,False,40430,a_m_c,76561198804371130,ak47,17293822569102704647,0,,0
False,,,4TAYLOR,76561198852710277,False,False,11.945228,4,22,0,False,chest,False,False,0,0,False,40513,sathsea,76561198401647782,m4a1,17293822569182003216,42971039233,,0
False,sathsea,76561198401647782,tender272,76561197993724724,False,False,5.170064,8,57,0,True,head,False,False,1,0,False,40563,4TAYLOR,76561198852710277,ak47,17293822569102704647,0,,0
False,,,juna,76561198366358433,False,False,11.123764,15,110,0,True,head,False,False,0,0,False,40727,CULIACAN,76561198166020071,ak47,17293822569121185799,45670468357,,0
False,,,micro,76561198072040762,False,False,3.6545765,0,143,0,True,head,False,False,0,0,False,42657,Majesticzz,76561198144801954,ak47,17293822569117515783,33493226775,,0
False,,,wasteyute,76561199373196281,False,False,11.822858,0,44,0,False,stomach,False,False,0,0,False,46108,a_m_c,76561198804371130,ak47,17293822569182724103,39144907834,,0
False,a_m_c,76561198804371130,4TAYLOR,76561198852710277,False,False,5.8359365,5,106,0,True,head,False,False,0,0,False,46773,wasteyute,76561199373196281,fiveseven,17293822569136128003,45380132263,,0
False,,,Majesticzz,76561198144801954,False,False,8.507839,4,101,0,True,head,False,False,0,0,False,47268,micro,76561198072040762,fiveseven,17293822569102704643,0,,0
False,,,4TAYLOR,76561198852710277,False,False,20.674683,15,108,0,True,head,False,False,0,0,False,47799,juna,76561198366358433,ak47,17293822569182724103,39144907834,,0
False,,,sathsea,76561198401647782,False,False,16.957005,3,27,0,False,chest,False,False,0,0,False,48049,4TAYLOR,76561198852710277,ak47,17293822569121185799,45670468357,,0
False,4TAYLOR,76561198852710277,spamzzy,76561198003724030,False,False,8.732841,2,14,0,False,chest,False,False,0,0,False,48979,sathsea,76561198401647782,mag7,17293822569165684763,42935485439,,0
False,,,tender272,76561197993724724,False,False,19.171318,0,140,0,True,head,False,False,0,0,False,49121,Majesticzz,76561198144801954,ak47,17293822569102704647,0,,0
False,,,tender272,76561197993724724,False,False,20.614496,3,27,0,False,chest,False,False,0,0,False,49166,CULIACAN,76561198166020071,ak47,17293822569102704647,0,,0
False,,,tender272,76561197993724724,False,False,21.081306,4,33,0,False,stomach,False,False,0,0,False,50705,spamzzy,76561198003724030,ak47,17293822569102704647,0,,0
False,,,CULIACAN,76561198166020071,False,False,16.475708,18,86,0,True,head,False,False,0,0,False,53964,micro,76561198072040762,m4a1_silencer,17293822569116926012,37326422646,,0
False,Majesticzz,76561198144801954,CULIACAN,76561198166020071,False,False,20.685066,0,26,0,False,left_leg,False,False,0,0,True,54180,juna,76561198366358433,m4a1_silencer,17293822569116926012,37326422646,,0
False,,,a_m_c,76561198804371130,False,False,17.612259,1,139,0,False,stomach,False,False,0,0,False,54337,tender272,76561197993724724,awp,17293822569164505097,40310144121,,0
False,,,4TAYLOR,76561198852710277,False,False,24.690292,6,29,0,False,stomach,False,False,0,0,False,54674,wasteyute,76561199373196281,m4a1_silencer,17293822569179119676,45861558567,,0
False,,,sathsea,76561198401647782,False,False,22.033777,3,27,0,False,chest,False,False,0,0,False,55735,4TAYLOR,76561198852710277,ak47,17293822569117515783,33493226775,,0
False,,,spamzzy,76561198003724030,False,True,24.985432,15,107,0,True,head,False,False,0,0,False,55758,sathsea,76561198401647782,ak47,17293822569182724103,39144907834,,0
False,,,sathsea,76561198401647782,False,False,48.139145,1,108,0,False,right_arm,False,False,0,0,False,58396,a_m_c,76561198804371130,awp,17293822569107423241,45018864904,,0
False,,,tender272,76561197993724724,False,False,29.01877,3,26,0,False,left_arm,False,False,0,0,True,58402,4TAYLOR,76561198852710277,ak47,17293822569149038599,45720362612,,0
False,,,wasteyute,76561199373196281,False,False,29.425722,4,33,0,False,stomach,False,False,0,0,False,59425,spamzzy,76561198003724030,ak47,17293822569182724103,39144907834,,0
False,,,tender272,76561197993724724,False,False,12.543001,4,34,0,False,stomach,False,False,0,0,True,59597,CULIACAN,76561198166020071,ak47,17293822569149038599,45720362612,,0
False,,,juna,76561198366358433,False,False,0.0,0,26,0,False,left_leg,False,False,0,0,False,60608,juna,76561198366358433,world,,,,0
False,,,Majesticzz,76561198144801954,False,False,1.3809876,13,153,0,False,generic,False,False,0,0,False,61517,tender272,76561197993724724,knife_butterfly,17293822569175450115,45837259540,,0
False,,,Majesticzz,76561198144801954,False,False,7.6395288,16,110,0,True,head,False,False,0,0,False,62107,wasteyute,76561199373196281,ak47,17293822569117515783,33493226775,,0
False,wasteyute,76561199373196281,micro,76561198072040762,False,False,14.655441,3,28,0,False,chest,False,False,0,0,False,63405,Majesticzz,76561198144801954,ak47,17293822569182724103,39144907834,,0
False,,,juna,76561198366358433,False,False,0.0,0,0,0,False,-1,False,False,0,0,False,65062,juna,76561198366358433,world,,,,0
False,,,juna,76561198366358433,False,False,0.0,0,0,0,False,-1,False,False,0,0,False,66100,juna,76561198366358433,world,,,,0
False,,,wasteyute,76561199373196281,False,False,0.0,16,110,0,False,head,False,False,0,0,False,69835,wasteyute,76561199373196281,world,,,,0
False,,,micro,76561198072040762,False,False,23.199202,15,108,0,True,head,False,False,0,0,False,86773,CULIACAN,76561198166020071,ak47,17293822569117515783,33493226775,,0
False,tender272,76561197993724724,micro,76561198072040762,False,False,19.728624,0,3,0,False,generic,False,False,0,0,False,89033,4TAYLOR,76561198852710277,inferno,,,,0
True,a_m_c,76561198804371130,spamzzy,76561198003724030,False,False,2.1087124,19,92,0,True,head,False,False,0,0,False,89078,wasteyute,76561199373196281,m4a1_silencer,17293822569126297660,41088930174,,0
False,spamzzy,76561198003724030,a_m_c,76561198804371130,False,False,9.990699,1,92,0,False,right_arm,False,False,1,0,False,89368,tender272,76561197993724724,awp,17293822569164505097,40310144121,,0
False,,,juna,76561198366358433,False,False,6.6480017,4,28,0,False,chest,False,False,0,0,False,90934,Majesticzz,76561198144801954,ak47,17293822569149038599,45720362612,,0
False,,,spamzzy,76561198003724030,False,False,8.289651,15,110,0,True,head,False,False,0,0,False,92105,sathsea,76561198401647782,ak47,17293822569182724103,39144907834,,0
False,,,micro,76561198072040762,False,False,19.77962,0,140,0,True,head,False,False,0,0,False,92678,a_m_c,76561198804371130,ak47,17293822569117515783,33493226775,,0
False,juna,76561198366358433,micro,76561198072040762,False,False,8.9465065,4,35,0,False,stomach,False,False,0,0,False,92766,spamzzy,76561198003724030,ak47,17293822569117515783,33493226775,,0
False,CULIACAN,76561198166020071,a_m_c,76561198804371130,False,False,21.83983,1,102,0,False,stomach,False,False,1,0,False,98697,micro,76561198072040762,awp,17293822569130491913,40857530187,,0
False,,,CULIACAN,76561198166020071,False,False,13.951269,4,14,0,False,right_arm,False,False,0,0,False,99790,sathsea,76561198401647782,mp9,17293822569134293026,37719816995,,0
False,sathsea,76561198401647782,juna,76561198366358433,False,False,17.204386,3,27,0,False,chest,False,False,0,0,False,99937,CULIACAN,76561198166020071,ak47,17293822569121185799,45670468357,,0
False,,,a_m_c,76561198804371130,False,False,19.301329,1,111,0,False,chest,False,False,0,0,False,99964,wasteyute,76561199373196281,awp,17293822569130491913,40857530187,,0
False,,,tender272,76561197993724724,False,False,8.816423,1,9,0,False,chest,False,False,1,0,False,100068,spamzzy,76561198003724030,ak47,17293822569117515783,33493226775,,0
False,CULIACAN,76561198166020071,4TAYLOR,76561198852710277,False,False,7.399987,19,57,0,True,head,False,False,0,0,False,100097,juna,76561198366358433,mp9,17293822569180889122,42970995953,,0
False,spamzzy,76561198003724030,a_m_c,76561198804371130,False,False,12.994492,1,111,0,False,chest,False,False,0,0,False,100268,tender272,76561197993724724,awp,17293822569130491913,40857530187,,0
False,,,sathsea,76561198401647782,False,False,10.720881,13,91,0,True,head,False,False,0,0,False,107457,Majesticzz,76561198144801954,galilar,17293822569127542797,45119249383,,0
False,,,spamzzy,76561198003724030,False,False,16.568352,1,111,0,False,chest,False,False,0,0,False,108436,tender272,76561197993724724,awp,17293822569164505097,40310144121,,0
False,,,spamzzy,76561198003724030,False,False,34.04225,1,136,0,False,stomach,False,False,0,0,False,109241,juna,76561198366358433,awp,17293822569164505097,40310144121,,0
False,,,micro,76561198072040762,False,False,16.767973,15,108,0,True,head,False,False,0,0,False,110298,a_m_c,76561198804371130,ak47,17293822569117515783,33493226775,,0
True,sathsea,76561198401647782,wasteyute,76561199373196281,False,True,5.209524,19,90,0,True,head,False,False,0,0,False,110399,4TAYLOR,76561198852710277,m4a1_silencer,17293822569179119676,45861558567,,0
False,micro,76561198072040762,wasteyute,76561199373196281,False,False,17.351715,4,33,0,False,stomach,False,False,0,0,True,110820,CULIACAN,76561198166020071,ak47,17293822569121185799,45670468357,,0
False,,,micro,76561198072040762,False,False,29.373552,0,26,0,False,left_leg,False,False,0,0,False,112678,spamzzy,76561198003724030,ak47,17293822569117515783,33493226775,,0
False,,,sathsea,76561198401647782,False,False,20.178125,0,120,0,True,head,False,False,0,0,False,117463,spamzzy,76561198003724030,usp_silencer,17293822569123217469,46208270198,,0
False,4TAYLOR,76561198852710277,Majesticzz,76561198144801954,False,False,22.612047,0,8,0,False,generic,False,False,0,0,False,117843,sathsea,76561198401647782,inferno,,,,0
False,,,CULIACAN,76561198166020071,False,False,5.226406,0,112,0,True,head,False,False,0,0,False,118202,tender272,76561197993724724,glock,17293822569148186628,37262857196,,0
False,,,wasteyute,76561199373196281,False,False,6.725206,0,134,0,True,head,False,False,0,0,False,118396,a_m_c,76561198804371130,hkp2000,17293822569136455712,37377487075,,0
False,,,juna,76561198366358433,False,False,4.1788955,0,136,0,True,head,False,False,0,0,False,118467,4TAYLOR,76561198852710277,usp_silencer,17293822569177546813,44879497641,,0
False,,,wasteyute,76561199373196281,False,False,8.62062,0,132,0,True,head,False,False,0,0,False,118502,Majesticzz,76561198144801954,hkp2000,17293822569136455712,37377487075,,0
False,,,CULIACAN,76561198166020071,False,False,10.328569,0,126,0,True,head,False,False,0,0,False,119628,wasteyute,76561199373196281,elite,17293822569151660034,29301034561,,0
False,micro,76561198072040762,juna,76561198366358433,False,False,10.639635,0,105,0,True,head,False,False,0,0,False,119681,CULIACAN,76561198166020071,glock,17293822569102704644,0,,0
False,,,sathsea,76561198401647782,False,False,14.346985,0,36,0,False,stomach,False,False,0,0,False,124993,Majesticzz,76561198144801954,famas,17293822569137373194,41616956473,,0
False,,,CULIACAN,76561198166020071,False,False,12.348327,6,165,0,True,head,False,False,0,0,False,124997,sathsea,76561198401647782,deagle,17293822569102704641,0,,0
False,,,tender272,76561197993724724,False,False,0.990652,0,103,0,True,head,False,False,0,0,False,126248,a_m_c,76561198804371130,mp9,17293822569102704674,0,,0
False,,,tender272,76561197993724724,False,False,4.297808,0,100,0,True,head,False,False,0,0,False,126283,spamzzy,76561198003724030,mp9,17293822569102704674,0,,0
False,,,CULIACAN,76561198166020071,False,False,20.16864,5,149,0,True,head,False,False,0,0,False,126549,micro,76561198072040762,deagle,17293822569102704641,0,,0
False,,,tender272,76561197993724724,False,False,8.235715,0,117,0,True,head,False,False,0,0,False,126881,4TAYLOR,76561198852710277,famas,17293822569137373194,41616956473,,0
False,,,juna,76561198366358433,False,False,6.4770927,0,97,0,True,head,False,False,0,0,False,127290,CULIACAN,76561198166020071,mp9,17293822569106702370,40777646946,,0
False,,,CULIACAN,76561198166020071,False,False,19.99279,15,108,0,True,head,False,False,0,0,False,130212,micro,76561198072040762,ak47,17293822569181806599,43808342240,,0
False,,,sathsea,76561198401647782,False,False,19.276623,16,79,0,True,head,False,False,0,0,False,130390,CULIACAN,76561198166020071,famas,17293822569137373194,41616956473,,0
False,CULIACAN,76561198166020071,a_m_c,76561198804371130,False,False,17.873566,3,27,0,False,chest,False,False,0,0,False,130539,sathsea,76561198401647782,ak47,17293822569170534407,40310137444,,0
False,,,juna,76561198366358433,False,False,13.240791,12,38,0,True,head,False,False,1,0,True,130582,Majesticzz,76561198144801954,mp9,17293822569106702370,40777646946,,0
False,,,spamzzy,76561198003724030,False,False,3.982719,3,23,0,False,chest,False,False,0,0,False,130870,tender272,76561197993724724,galilar,17293822569122168845,42935343253,,0
False,,,4TAYLOR,76561198852710277,False,False,23.191175,15,108,0,True,head,False,False,0,0,True,133265,wasteyute,76561199373196281,ak47,17293822569181806599,43808342240,,0
False,,,,,False,False,0.0,9,10,0,False,generic,False,False,0,0,False,133914,a_m_c,76561198804371130,planted_c4,,,,0
False,,,,,False,False,0.0,6,6,0,False,generic,False,False,0,0,False,133914,spamzzy,76561198003724030,planted_c4,,,,0
False,,,tender272,76561197993724724,False,False,7.7482038,6,175,0,True,head,False,False,0,0,False,136784,spamzzy,76561198003724030,deagle,17293822569102704641,0,,0
False,,,sathsea,76561198401647782,False,False,3.4703813,13,92,0,True,head,False,False,0,0,False,137161,Majesticzz,76561198144801954,cz75a,17293822569124003903,42025943569,,0
False,,,a_m_c,76561198804371130,False,False,2.8643553,0,36,0,False,chest,False,False,0,0,False,137213,sathsea,76561198401647782,ak47,17293822569170534407,40310137444,,0
False,,,juna,76561198366358433,False,False,8.880757,3,23,0,False,chest,False,False,0,0,False,137481,4TAYLOR,76561198852710277,galilar,17293822569177874445,45399979912,,0
False,,,juna,76561198366358433,False,False,8.944406,3,23,0,False,chest,False,False,0,0,False,137638,a_m_c,76561198804371130,galilar,17293822569177874445,45399979912,,0
False,,,CULIACAN,76561198166020071,False,False,8.189627,3,23,0,False,chest,False,False,0,0,False,137766,juna,76561198366358433,galilar,17293822569102704653,0,,0
False,juna,76561198366358433,tender272,76561197993724724,False,False,21.75145,1,38,0,False,chest,False,False,0,0,False,137998,CULIACAN,76561198166020071,deagle,17293822569102704641,0,,0
False,,,Majesticzz,76561198144801954,False,False,3.2123785,5,113,0,True,head,False,False,0,0,False,142926,tender272,76561197993724724,tec9,17293822569102704670,0,,0
False,,,sathsea,76561198401647782,False,False,6.2034097,1,111,0,False,chest,False,False,0,0,False,142959,CULIACAN,76561198166020071,awp,17293822569155330057,41044113116,,0
False,,,a_m_c,76561198804371130,False,False,13.602691,19,53,0,True,head,False,False,0,0,False,143117,sathsea,76561198401647782,mac10,17293822569102704657,0,,0
False,,,spamzzy,76561198003724030,False,False,10.324096,2,16,0,False,chest,False,False,1,0,True,143199,juna,76561198366358433,galilar,17293822569122168845,42935343253,,0
False,,,micro,76561198072040762,False,False,3.5097525,3,18,0,False,chest,False,False,0,0,False,145887,a_m_c,76561198804371130,mag7,17293822569130950683,4949873003,,0
False,,,,,False,False,0.0,83,445,0,False,generic,False,False,0,0,False,146262,micro,76561198072040762,planted_c4,,,,0
False,,,,,False,False,0.0,75,75,0,False,generic,False,False,0,0,False,146262,4TAYLOR,76561198852710277,planted_c4,,,,0
False,,,wasteyute,76561199373196281,False,False,12.958201,18,86,0,True,head,False,False,0,0,False,149157,Majesticzz,76561198144801954,m4a1_silencer,17293822569102704700,0,,0
False,,,CULIACAN,76561198166020071,False,False,17.47478,13,91,0,True,head,False,False,0,0,False,149242,wasteyute,76561199373196281,galilar,17293822569102704653,0,,0
False,,,CULIACAN,76561198166020071,False,False,19.89645,0,117,0,True,head,False,False,0,0,True,149505,juna,76561198366358433,galilar,17293822569102704653,0,,0
False,,,micro,76561198072040762,False,False,18.753164,6,30,0,False,stomach,False,False,0,0,False,150039,4TAYLOR,76561198852710277,m4a1_silencer,17293822569164701756,42956831493,,0
False,,,a_m_c,76561198804371130,False,False,21.785322,4,325,0,True,head,False,False,1,0,False,150042,micro,76561198072040762,awp,17293822569155330057,41044113116,,0
False,,,spamzzy,76561198003724030,False,False,16.860565,15,109,0,True,head,False,False,0,0,False,151647,tender272,76561197993724724,ak47,17293822569170534407,40310137444,,0
False,,,spamzzy,76561198003724030,False,False,15.352038,15,109,0,True,head,False,False,0,0,False,151711,sathsea,76561198401647782,ak47,17293822569170534407,40310137444,,0
False,,,micro,76561198072040762,False,False,47.002895,24,278,0,True,head,False,False,0,0,False,156869,a_m_c,76561198804371130,ssg08,17293822569106636840,25467760260,,0
False,tender272,76561197993724724,juna,76561198366358433,False,False,13.368247,31,64,0,True,head,False,False,0,0,False,158870,CULIACAN,76561198166020071,usp_silencer,17293822569177546813,44879497641,,0
False,CULIACAN,76561198166020071,4TAYLOR,76561198852710277,False,False,15.156678,0,36,0,False,chest,False,False,0,0,False,158993,tender272,76561197993724724,ak47,17293822569170534407,40310137444,,0
False,,,spamzzy,76561198003724030,False,False,23.08986,0,139,0,True,head,False,False,0,0,False,159205,juna,76561198366358433,ak47,17293822569102704647,0,,0
False,juna,76561198366358433,sathsea,76561198401647782,False,False,26.545145,28,58,0,True,head,False,False,0,0,False,159402,spamzzy,76561198003724030,usp_silencer,17293822569123217469,46208270198,,0
False,,,micro,76561198072040762,False,False,30.428377,7,89,0,False,stomach,False,False,0,0,True,159989,Majesticzz,76561198144801954,ssg08,17293822569106636840,25467760260,,0
False,4TAYLOR,76561198852710277,Majesticzz,76561198144801954,False,False,22.574831,0,57,0,False,generic,False,False,0,0,False,160028,wasteyute,76561199373196281,hegrenade,,,,0
False,sathsea,76561198401647782,micro,76561198072040762,False,False,21.051523,6,72,0,False,right_arm,False,False,0,0,True,161409,4TAYLOR,76561198852710277,ssg08,17293822569106636840,25467760260,,0
False,,,spamzzy,76561198003724030,False,False,0.0,28,101,0,False,head,False,False,0,0,False,169295,spamzzy,76561198003724030,world,,,,0
False,,,Majesticzz,76561198144801954,False,False,0.0,7,101,0,False,stomach,False,False,0,0,False,169295,Majesticzz,76561198144801954,world,,,,0
False,,,micro,76561198072040762,False,False,0.0,0,101,0,False,chest,False,False,0,0,False,169295,micro,76561198072040762,world,,,,0
False,,,juna,76561198366358433,False,False,0.0,0,101,0,False,head,False,False,0,0,False,169295,juna,76561198366358433,world,,,,0
False,,,tender272,76561197993724724,False,False,0.0,0,101,0,False,chest,False,False,0,0,False,169295,tender272,76561197993724724,world,,,,0
False,,,a_m_c,76561198804371130,False,False,0.0,24,101,0,False,head,False,False,0,0,False,169295,a_m_c,76561198804371130,world,,,,0
False,,,4TAYLOR,76561198852710277,False,False,0.0,6,101,0,False,right_arm,False,False,0,0,False,169295,4TAYLOR,76561198852710277,world,,,,0
False,,,CULIACAN,76561198166020071,False,False,0.0,31,101,0,False,head,False,False,0,0,False,169295,CULIACAN,76561198166020071,world,,,,0
False,,,wasteyute,76561199373196281,False,False,0.0,0,101,0,False,generic,False,False,0,0,False,169295,wasteyute,76561199373196281,world,,,,0
False,,,sathsea,76561198401647782,False,False,0.0,0,101,0,False,generic,False,False,0,0,False,169295,sathsea,76561198401647782,world,,,,0
False,,,spamzzy,76561198003724030,False,False,0.0,28,101,0,False,head,False,False,0,0,False,171769,spamzzy,76561198003724030,world,,,,0
False,,,Majesticzz,76561198144801954,False,False,0.0,7,101,0,False,stomach,False,False,0,0,False,171769,Majesticzz,76561198144801954,world,,,,0
False,,,micro,76561198072040762,False,False,0.0,0,101,0,False,chest,False,False,0,0,False,171769,micro,76561198072040762,world,,,,0
False,,,juna,76561198366358433,False,False,0.0,0,101,0,False,head,False,False,0,0,False,171769,juna,76561198366358433,world,,,,0
False,,,tender272,76561197993724724,False,False,0.0,0,101,0,False,chest,False,False,0,0,False,171769,tender272,76561197993724724,world,,,,0
False,,,a_m_c,76561198804371130,False,False,0.0,24,101,0,False,head,False,False,0,0,False,171769,a_m_c,76561198804371130,world,,,,0
False,,,4TAYLOR,76561198852710277,False,False,0.0,6,101,0,False,right_arm,False,False,0,0,False,171769,4TAYLOR,76561198852710277,world,,,,0
False,,,CULIACAN,76561198166020071,False,False,0.0,31,101,0,False,head,False,False,0,0,False,171769,CULIACAN,76561198166020071,world,,,,0
False,,,wasteyute,76561199373196281,False,False,0.0,0,101,0,False,generic,False,False,0,0,False,171769,wasteyute,76561199373196281,world,,,,0
False,,,sathsea,76561198401647782,False,False,0.0,0,101,0,False,generic,False,False,0,0,False,171769,sathsea,76561198401647782,world,,,,0
False,,,juna,76561198366358433,False,False,25.15199,17,82,0,True,head,False,False,0,0,False,177679,CULIACAN,76561198166020071,m4a1_silencer,17293822569102704700,46214634260,,0
False,,,a_m_c,76561198804371130,False,False,23.846846,3,22,0,False,chest,False,False,0,0,False,177683,juna,76561198366358433,galilar,17293822569102704653,0,,0
False,,,tender272,76561197993724724,False,False,18.791914,18,85,0,True,head,False,False,0,0,False,178331,spamzzy,76561198003724030,m4a1_silencer,17293822569102704700,0,,0
False,,,tender272,76561197993724724,False,False,18.004562,5,24,0,False,chest,False,False,0,0,False,179011,Majesticzz,76561198144801954,m4a1_silencer,17293822569102704700,0,,0
False,Majesticzz,76561198144801954,a_m_c,76561198804371130,False,False,28.585108,3,27,0,False,chest,False,False,0,0,False,179111,tender272,76561197993724724,ak47,17293822569102704647,0,,0
False,tender272,76561197993724724,sathsea,76561198401647782,False,False,24.919546,0,26,0,False,right_leg,False,False,0,0,False,179171,a_m_c,76561198804371130,ak47,17293822569102704647,0,,0
False,,,4TAYLOR,76561198852710277,False,False,21.095776,15,108,0,True,head,False,False,0,0,True,181503,wasteyute,76561199373196281,ak47,17293822569181806599,43808342240,,0
False,wasteyute,76561199373196281,micro,76561198072040762,False,False,4.353719,4,27,0,False,chest,False,False,0,0,False,183149,4TAYLOR,76561198852710277,ak47,17293822569102704647,0,,0
False,,,sathsea,76561198401647782,False,False,0.0,7,11,0,False,generic,True,False,0,0,False,184332,sathsea,76561198401647782,world,,,,0
