round_num,time_elapsed,tick,map_name,round_time_elapsed,round_time_remaining,time_phase,t_players_alive,ct_players_alive,player_count_advantage,t_total_hp,ct_total_hp,t_avg_hp,ct_avg_hp,t_total_armor,ct_total_armor,t_equipment_value,ct_equipment_value,t_avg_equipment_value,ct_avg_equipment_value,equipment_advantage,equipment_advantage_per_player,bomb_planted,time_since_plant,time_until_explosion,bomb_being_defused,t_awp_count,ct_awp_count,awp_advantage,t_rifle_count,ct_rifle_count,rifle_advantage,winning_team,round_duration,match_id
2,10,640,de_train,10,105,0,5,5,0,500,500,100.0,100.0,300,100,3650,1650,730.0,330.0,2000,400.0,0,0.0,0.0,0,0,0,0,0,0,0,CT,79.3125,ence-vs-1win-m1-train
2,20,1280,de_train,20,95,0,5,5,0,500,500,100.0,100.0,300,300,5150,3150,1030.0,630.0,2000,400.0,0,0.0,0.0,0,0,0,0,0,0,0,CT,79.3125,ence-vs-1win-m1-train
2,30,1920,de_train,30,85,1,5,5,0,500,500,100.0,100.0,300,400,5150,4200,1030.0,840.0,950,190.0,0,0.0,0.0,0,0,0,0,0,0,0,CT,79.3125,ence-vs-1win-m1-train
2,40,2560,de_train,40,75,1,5,5,0,500,438,100.0,87.6,300,383,5150,4200,1030.0,840.0,950,190.0,0,0.0,0.0,0,0,0,0,0,0,0,CT,79.3125,ence-vs-1win-m1-train
2,50,3200,de_train,50,65,1,5,5,0,500,438,100.0,87.6,300,383,5150,4200,1030.0,840.0,950,190.0,1,5.5625,34.4375,0,0,0,0,0,0,0,CT,79.3125,ence-vs-1win-m1-train
2,60,3840,de_train,60,55,1,3,5,-2,300,438,100.0,87.6,200,383,3400,4200,1133.3333333333333,840.0,-800,293.33333333333326,1,15.5625,24.4375,0,0,0,0,0,0,0,CT,79.3125,ence-vs-1win-m1-train
2,70,4480,de_train,70,45,2,0,4,-4,0,348,0.0,87.0,0,288,0,3350,0.0,837.5,-3350,-837.5,1,25.5625,14.4375,0,0,0,0,0,0,0,CT,79.3125,ence-vs-1win-m1-train
3,10,5716,de_train,10,105,0,5,5,0,500,500,100.0,100.0,0,500,1000,16650,200.0,3330.0,-15650,-3130.0,0,0.0,0.0,0,0,0,0,0,0,0,T,140.203125,ence-vs-1win-m1-train
3,20,6356,de_train,20,95,0,5,5,0,500,500,100.0,100.0,400,500,12150,22300,2430.0,4460.0,-10150,-2030.0,0,0.0,0.0,0,0,0,0,0,0,0,T,140.203125,ence-vs-1win-m1-train
3,30,6996,de_train,30,85,1,5,5,0,500,500,100.0,100.0,400,500,12850,22300,2570.0,4460.0,-9450,-1890.0,0,0.0,0.0,0,0,0,0,0,0,0,T,140.203125,ence-vs-1win-m1-train
3,40,7636,de_train,40,75,1,5,5,0,500,500,100.0,100.0,400,500,12850,22300,2570.0,4460.0,-9450,-1890.0,0,0.0,0.0,0,0,0,0,0,0,0,T,140.203125,ence-vs-1win-m1-train
3,50,8276,de_train,50,65,1,5,4,1,430,368,86.0,92.0,378,393,12850,18450,2570.0,4612.5,-5600,-2042.5,0,0.0,0.0,0,0,0,0,0,0,0,T,140.203125,ence-vs-1win-m1-train
3,60,8916,de_train,60,55,1,5,4,1,430,368,86.0,92.0,378,393,12850,18450,2570.0,4612.5,-5600,-2042.5,0,0.0,0.0,0,0,0,0,0,0,0,T,140.203125,ence-vs-1win-m1-train
3,70,9556,de_train,70,45,2,5,4,1,430,368,86.0,92.0,378,393,13050,18450,2610.0,4612.5,-5400,-2002.5,0,0.0,0.0,0,0,0,0,0,0,0,T,140.203125,ence-vs-1win-m1-train
3,80,10196,de_train,80,35,2,4,4,0,330,368,82.5,92.0,278,393,9600,18450,2400.0,4612.5,-8850,-2212.5,0,0.0,0.0,0,0,0,0,0,0,0,T,140.203125,ence-vs-1win-m1-train
3,90,10836,de_train,90,25,2,4,2,2,243,179,60.75,89.5,260,193,10500,9050,2625.0,4525.0,1450,-1900.0,0,0.0,0.0,0,0,0,0,0,0,0,T,140.203125,ence-vs-1win-m1-train
3,100,11476,de_train,100,15,2,4,2,2,243,179,60.75,89.5,260,193,10500,9050,2625.0,4525.0,1450,-1900.0,1,0.796875,39.203125,0,0,0,0,0,0,0,T,140.203125,ence-vs-1win-m1-train
4,10,14689,de_train,10,105,0,5,5,0,500,500,100.0,100.0,360,193,19900,10450,3980.0,2090.0,9450,1890.0,0,0.0,0.0,0,0,0,0,0,0,0,T,154.15625,ence-vs-1win-m1-train
4,20,15329,de_train,20,95,0,5,5,0,500,500,100.0,100.0,460,493,24800,15850,4960.0,3170.0,8950,1790.0,0,0.0,0.0,0,0,0,0,0,0,0,T,154.15625,ence-vs-1win-m1-train
4,30,15969,de_train,30,85,1,5,5,0,500,500,100.0,100.0,460,493,24800,16150,4960.0,3230.0,8650,1730.0,0,0.0,0.0,0,0,0,0,0,0,0,T,154.15625,ence-vs-1win-m1-train
4,40,16609,de_train,40,75,1,5,5,0,500,500,100.0,100.0,460,493,24800,16150,4960.0,3230.0,8650,1730.0,0,0.0,0.0,0,0,0,0,0,0,0,T,154.15625,ence-vs-1win-m1-train
4,50,17249,de_train,50,65,1,5,5,0,500,500,100.0,100.0,460,493,24800,16150,4960.0,3230.0,8650,1730.0,0,0.0,0.0,0,0,0,0,0,0,0,T,154.15625,ence-vs-1win-m1-train
4,60,17889,de_train,60,55,1,5,5,0,500,500,100.0,100.0,460,493,24800,16150,4960.0,3230.0,8650,1730.0,0,0.0,0.0,0,0,0,0,0,0,0,T,154.15625,ence-vs-1win-m1-train
4,70,18529,de_train,70,45,2,5,5,0,500,500,100.0,100.0,460,493,24700,16150,4940.0,3230.0,8550,1710.0,0,0.0,0.0,0,0,0,0,0,0,0,T,154.15625,ence-vs-1win-m1-train
4,80,19169,de_train,80,35,2,5,5,0,500,500,100.0,100.0,460,493,24000,16150,4800.0,3230.0,7850,1570.0,0,0.0,0.0,0,0,0,0,0,0,0,T,154.15625,ence-vs-1win-m1-train
4,90,19809,de_train,90,25,2,5,5,0,500,500,100.0,100.0,460,493,23100,16150,4620.0,3230.0,6950,1390.0,0,0.0,0.0,0,0,0,0,0,0,0,T,154.15625,ence-vs-1win-m1-train
4,100,20449,de_train,100,15,2,5,5,0,500,500,100.0,100.0,460,493,23100,16150,4620.0,3230.0,6950,1390.0,0,0.0,0.0,0,0,0,0,0,0,0,T,154.15625,ence-vs-1win-m1-train
5,10,24555,de_train,10,105,0,5,5,0,500,500,100.0,100.0,412,480,24100,15250,4820.0,3050.0,8850,1770.0,0,0.0,0.0,0,0,0,0,0,0,0,CT,123.8125,ence-vs-1win-m1-train
5,20,25195,de_train,20,95,0,5,5,0,500,500,100.0,100.0,412,480,24800,15550,4960.0,3110.0,9250,1850.0,0,0.0,0.0,0,0,0,0,0,0,0,CT,123.8125,ence-vs-1win-m1-train
5,30,25835,de_train,30,85,1,5,5,0,500,500,100.0,100.0,412,480,24800,15850,4960.0,3170.0,8950,1790.0,0,0.0,0.0,0,0,0,0,0,0,0,CT,123.8125,ence-vs-1win-m1-train
5,40,26475,de_train,40,75,1,5,5,0,407,500,81.4,100.0,351,480,24800,15850,4960.0,3170.0,8950,1790.0,0,0.0,0.0,0,0,0,0,0,0,0,CT,123.8125,ence-vs-1win-m1-train
5,50,27115,de_train,50,65,1,2,4,-2,200,342,100.0,85.5,159,374,9200,14350,4600.0,3587.5,-5150,1012.5,0,0.0,0.0,0,0,0,0,0,0,0,CT,123.8125,ence-vs-1win-m1-train
5,60,27755,de_train,60,55,1,2,3,-1,200,242,100.0,80.66666666666667,159,277,9200,12900,4600.0,4300.0,-3700,300.0,0,0.0,0.0,0,0,0,0,0,0,0,CT,123.8125,ence-vs-1win-m1-train
5,70,28395,de_train,70,45,2,2,3,-1,200,242,100.0,80.66666666666667,159,277,9200,12900,4600.0,4300.0,-3700,300.0,0,0.0,0.0,0,0,0,0,0,0,0,CT,123.8125,ence-vs-1win-m1-train
5,80,29035,de_train,80,35,2,2,3,-1,200,242,100.0,80.66666666666667,159,277,9200,12900,4600.0,4300.0,-3700,300.0,0,0.0,0.0,0,0,0,0,0,0,0,CT,123.8125,ence-vs-1win-m1-train
5,90,29675,de_train,90,25,2,1,3,-2,100,242,100.0,80.66666666666667,70,277,4700,12900,4700.0,4300.0,-8200,400.0,0,0.0,0.0,0,0,0,0,0,0,0,CT,123.8125,ence-vs-1win-m1-train
5,100,30315,de_train,100,15,2,1,2,-1,50,142,50.0,71.0,60,184,4700,8000,4700.0,4000.0,-3300,700.0,0,0.0,0.0,0,0,0,0,0,0,0,CT,123.8125,ence-vs-1win-m1-train
6,10,32479,de_train,10,105,0,5,5,0,500,500,100.0,100.0,100,184,7700,16550,1540.0,3310.0,-8850,-1770.0,0,0.0,0.0,0,0,0,0,0,0,0,CT,146.21875,ence-vs-1win-m1-train
6,20,33119,de_train,20,95,0,5,5,0,500,500,100.0,100.0,500,484,27350,27700,5470.0,5540.0,-350,-70.0,0,0.0,0.0,0,0,0,0,0,0,0,CT,146.21875,ence-vs-1win-m1-train
6,30,33759,de_train,30,85,1,5,5,0,500,500,100.0,100.0,500,484,27250,27700,5450.0,5540.0,-450,-90.0,0,0.0,0.0,0,0,0,0,0,0,0,CT,146.21875,ence-vs-1win-m1-train
6,40,34399,de_train,40,75,1,5,5,0,465,499,93.0,99.8,477,484,26950,27700,5390.0,5540.0,-750,-150.0,0,0.0,0.0,0,0,0,0,0,0,0,CT,146.21875,ence-vs-1win-m1-train
6,50,35039,de_train,50,65,1,5,5,0,465,499,93.0,99.8,477,484,26950,27700,5390.0,5540.0,-750,-150.0,0,0.0,0.0,0,0,0,0,0,0,0,CT,146.21875,ence-vs-1win-m1-train
6,60,35679,de_train,60,55,1,5,5,0,465,494,93.0,98.8,477,484,26950,27700,5390.0,5540.0,-750,-150.0,0,0.0,0.0,0,0,0,0,0,0,0,CT,146.21875,ence-vs-1win-m1-train
6,70,36319,de_train,70,45,2,5,5,0,465,494,93.0,98.8,477,484,26650,27700,5330.0,5540.0,-1050,-210.0,0,0.0,0.0,0,0,0,0,0,0,0,CT,146.21875,ence-vs-1win-m1-train
6,80,36959,de_train,80,35,2,5,5,0,465,494,93.0,98.8,477,484,26650,27400,5330.0,5480.0,-750,-150.0,0,0.0,0.0,0,0,0,0,0,0,0,CT,146.21875,ence-vs-1win-m1-train
6,90,37599,de_train,90,25,2,5,5,0,465,494,93.0,98.8,477,484,26650,27400,5330.0,5480.0,-750,-150.0,0,0.0,0.0,0,0,0,0,0,0,0,CT,146.21875,ence-vs-1win-m1-train
6,100,38239,de_train,100,15,2,5,5,0,465,494,93.0,98.8,477,484,26650,27400,5330.0,5480.0,-750,-150.0,0,0.0,0.0,0,0,0,0,0,0,0,CT,146.21875,ence-vs-1win-m1-train
7,10,41837,de_train,10,105,0,5,5,0,500,500,100.0,100.0,0,384,1000,19700,200.0,3940.0,-18700,-3740.0,0,0.0,0.0,0,0,0,0,0,0,0,CT,134.71875,ence-vs-1win-m1-train
7,20,42477,de_train,20,95,0,5,5,0,500,500,100.0,100.0,300,484,13900,28800,2780.0,5760.0,-14900,-2980.0,0,0.0,0.0,0,0,0,0,0,0,0,CT,134.71875,ence-vs-1win-m1-train
7,30,43117,de_train,30,85,1,5,5,0,500,500,100.0,100.0,500,484,17650,28800,3530.0,5760.0,-11150,-2230.0,0,0.0,0.0,0,0,0,0,0,0,0,CT,134.71875,ence-vs-1win-m1-train
7,40,43757,de_train,40,75,1,5,5,0,500,500,100.0,100.0,500,484,17650,28800,3530.0,5760.0,-11150,-2230.0,0,0.0,0.0,0,0,0,0,0,0,0,CT,134.71875,ence-vs-1win-m1-train
7,50,44397,de_train,50,65,1,5,5,0,500,500,100.0,100.0,500,484,17650,28800,3530.0,5760.0,-11150,-2230.0,0,0.0,0.0,0,0,0,0,0,0,0,CT,134.71875,ence-vs-1win-m1-train
7,60,45037,de_train,60,55,1,5,5,0,500,500,100.0,100.0,500,484,17650,28800,3530.0,5760.0,-11150,-2230.0,0,0.0,0.0,0,0,0,0,0,0,0,CT,134.71875,ence-vs-1win-m1-train
7,70,45677,de_train,70,45,2,5,5,0,500,500,100.0,100.0,500,484,17350,28800,3470.0,5760.0,-11450,-2290.0,0,0.0,0.0,0,0,0,0,0,0,0,CT,134.71875,ence-vs-1win-m1-train
7,80,46317,de_train,80,35,2,5,5,0,500,500,100.0,100.0,500,484,17650,28800,3530.0,5760.0,-11150,-2230.0,0,0.0,0.0,0,0,0,0,0,0,0,CT,134.71875,ence-vs-1win-m1-train
7,90,46957,de_train,90,25,2,5,5,0,500,500,100.0,100.0,500,484,17650,28800,3530.0,5760.0,-11150,-2230.0,0,0.0,0.0,0,0,0,0,0,0,0,CT,134.71875,ence-vs-1win-m1-train
7,100,47597,de_train,100,15,2,5,5,0,500,500,100.0,100.0,500,484,17650,28800,3530.0,5760.0,-11150,-2230.0,0,0.0,0.0,0,0,0,0,0,0,0,CT,134.71875,ence-vs-1win-m1-train
8,10,50459,de_train,10,105,0,5,5,0,500,500,100.0,100.0,0,465,1000,28200,200.0,5640.0,-27200,-5440.0,0,0.0,0.0,0,0,0,0,0,0,0,CT,124.171875,ence-vs-1win-m1-train
8,20,51099,de_train,20,95,0,5,5,0,500,500,100.0,100.0,0,465,2250,29200,450.0,5840.0,-26950,-5390.0,0,0.0,0.0,0,0,0,0,0,0,0,CT,124.171875,ence-vs-1win-m1-train
8,30,51739,de_train,30,85,1,5,5,0,500,500,100.0,100.0,0,465,3450,29550,690.0,5910.0,-26100,-5220.0,0,0.0,0.0,0,0,0,0,0,0,0,CT,124.171875,ence-vs-1win-m1-train
8,40,52379,de_train,40,75,1,5,5,0,500,499,100.0,99.8,0,465,3450,29550,690.0,5910.0,-26100,-5220.0,0,0.0,0.0,0,0,0,0,0,0,0,CT,124.171875,ence-vs-1win-m1-train
8,50,53019,de_train,50,65,1,4,5,-1,390,499,97.5,99.8,0,465,2750,29550,687.5,5910.0,-26800,-5222.5,0,0.0,0.0,0,0,0,0,0,0,0,CT,124.171875,ence-vs-1win-m1-train
8,60,53659,de_train,60,55,1,4,5,-1,381,482,95.25,96.4,0,465,2750,29250,687.5,5850.0,-26500,-5162.5,0,0.0,0.0,0,0,0,0,0,0,0,CT,124.171875,ence-vs-1win-m1-train
8,70,54299,de_train,70,45,2,4,5,-1,381,482,95.25,96.4,0,465,2750,29250,687.5,5850.0,-26500,-5162.5,0,0.0,0.0,0,0,0,0,0,0,0,CT,124.171875,ence-vs-1win-m1-train
8,80,54939,de_train,80,35,2,4,5,-1,381,482,95.25,96.4,0,465,2750,29250,687.5,5850.0,-26500,-5162.5,0,0.0,0.0,0,0,0,0,0,0,0,CT,124.171875,ence-vs-1win-m1-train
8,90,55579,de_train,90,25,2,4,5,-1,381,482,95.25,96.4,0,465,2750,29250,687.5,5850.0,-26500,-5162.5,0,0.0,0.0,0,0,0,0,0,0,0,CT,124.171875,ence-vs-1win-m1-train
8,100,56219,de_train,100,15,2,4,5,-1,381,482,95.25,96.4,0,465,2750,29250,687.5,5850.0,-26500,-5162.5,0,0.0,0.0,0,0,0,0,0,0,0,CT,124.171875,ence-vs-1win-m1-train
9,10,58406,de_train,10,105,0,5,5,0,500,500,100.0,100.0,300,464,17300,30250,3460.0,6050.0,-12950,-2590.0,0,0.0,0.0,0,0,0,0,0,0,0,CT,140.0,ence-vs-1win-m1-train
9,20,59046,de_train,20,95,0,5,5,0,500,500,100.0,100.0,500,464,24500,30750,4900.0,6150.0,-6250,-1250.0,0,0.0,0.0,0,0,0,0,0,0,0,CT,140.0,ence-vs-1win-m1-train
9,30,59686,de_train,30,85,1,5,5,0,500,500,100.0,100.0,500,464,24500,30750,4900.0,6150.0,-6250,-1250.0,0,0.0,0.0,0,0,0,0,0,0,0,CT,140.0,ence-vs-1win-m1-train
9,40,60326,de_train,40,75,1,5,5,0,484,415,96.8,83.0,491,455,24500,30750,4900.0,6150.0,-6250,-1250.0,0,0.0,0.0,0,0,0,0,0,0,0,CT,140.0,ence-vs-1win-m1-train
9,50,60966,de_train,50,65,1,5,5,0,484,415,96.8,83.0,491,455,24500,30750,4900.0,6150.0,-6250,-1250.0,0,0.0,0.0,0,0,0,0,0,0,0,CT,140.0,ence-vs-1win-m1-train
9,60,61606,de_train,60,55,1,4,5,-1,378,376,94.5,75.2,392,452,19400,30750,4850.0,6150.0,-11350,-1300.0,0,0.0,0.0,0,0,0,0,0,0,0,CT,140.0,ence-vs-1win-m1-train
9,70,62246,de_train,70,45,2,1,5,-4,86,321,86.0,64.2,92,446,4800,29350,4800.0,5870.0,-24550,-1070.0,0,0.0,0.0,0,0,0,0,0,0,0,CT,140.0,ence-vs-1win-m1-train
9,80,62886,de_train,80,35,2,1,5,-4,86,321,86.0,64.2,92,446,4800,28150,4800.0,5630.0,-23350,-830.0,0,0.0,0.0,0,0,0,0,0,0,0,CT,140.0,ence-vs-1win-m1-train
9,90,63526,de_train,90,25,2,1,5,-4,86,321,86.0,64.2,92,446,4800,28150,4800.0,5630.0,-23350,-830.0,0,0.0,0.0,0,0,0,0,0,0,0,CT,140.0,ence-vs-1win-m1-train
9,100,64166,de_train,100,15,2,1,5,-4,86,321,86.0,64.2,92,446,4800,28150,4800.0,5630.0,-23350,-830.0,0,0.0,0.0,0,0,0,0,0,0,0,CT,140.0,ence-vs-1win-m1-train
10,10,67366,de_train,10,105,0,5,5,0,500,500,100.0,100.0,0,462,1000,29800,200.0,5960.0,-28800,-5760.0,0,0.0,0.0,0,0,0,0,0,0,0,CT,160.34375,ence-vs-1win-m1-train
10,20,68006,de_train,20,95,0,5,5,0,500,500,100.0,100.0,100,462,2750,30100,550.0,6020.0,-27350,-5470.0,0,0.0,0.0,0,0,0,0,0,0,0,CT,160.34375,ence-vs-1win-m1-train
10,30,68646,de_train,30,85,1,5,5,0,500,500,100.0,100.0,100,462,3750,31950,750.0,6390.0,-28200,-5640.0,0,0.0,0.0,0,0,0,0,0,0,0,CT,160.34375,ence-vs-1win-m1-train
10,40,69286,de_train,40,75,1,5,5,0,500,500,100.0,100.0,100,462,3750,30100,750.0,6020.0,-26350,-5270.0,0,0.0,0.0,0,0,0,0,0,0,0,CT,160.34375,ence-vs-1win-m1-train
10,50,69926,de_train,50,65,1,5,5,0,500,500,100.0,100.0,100,462,3750,30100,750.0,6020.0,-26350,-5270.0,0,0.0,0.0,0,0,0,0,0,0,0,CT,160.34375,ence-vs-1win-m1-train
10,60,70566,de_train,60,55,1,5,5,0,500,500,100.0,100.0,100,462,3750,30100,750.0,6020.0,-26350,-5270.0,0,0.0,0.0,0,0,0,0,0,0,0,CT,160.34375,ence-vs-1win-m1-train
10,70,71206,de_train,70,45,2,5,5,0,500,500,100.0,100.0,100,462,3950,30100,790.0,6020.0,-26150,-5230.0,0,0.0,0.0,0,0,0,0,0,0,0,CT,160.34375,ence-vs-1win-m1-train
10,80,71846,de_train,80,35,2,5,5,0,500,500,100.0,100.0,200,462,5100,30100,1020.0,6020.0,-25000,-5000.0,0,0.0,0.0,0,0,0,0,0,0,0,CT,160.34375,ence-vs-1win-m1-train
10,90,72486,de_train,90,25,2,4,5,-1,400,500,100.0,100.0,100,462,3750,30100,937.5,6020.0,-26350,-5082.5,0,0.0,0.0,0,0,0,0,0,0,0,CT,160.34375,ence-vs-1win-m1-train
10,100,73126,de_train,100,15,2,4,5,-1,400,500,100.0,100.0,100,462,3750,30100,937.5,6020.0,-26350,-5082.5,0,0.0,0.0,0,0,0,0,0,0,0,CT,160.34375,ence-vs-1win-m1-train
11,10,77628,de_train,10,105,0,5,5,0,500,500,100.0,100.0,400,476,21650,26700,4330.0,5340.0,-5050,-1010.0,0,0.0,0.0,0,0,0,0,0,0,0,T,154.5,ence-vs-1win-m1-train
11,20,78268,de_train,20,95,0,5,5,0,500,500,100.0,100.0,500,476,26450,30300,5290.0,6060.0,-3850,-770.0,0,0.0,0.0,0,0,0,0,0,0,0,T,154.5,ence-vs-1win-m1-train
11,30,78908,de_train,30,85,1,5,5,0,500,500,100.0,100.0,500,476,26350,30650,5270.0,6130.0,-4300,-860.0,0,0.0,0.0,0,0,0,0,0,0,0,T,154.5,ence-vs-1win-m1-train
11,40,79548,de_train,40,75,1,5,5,0,465,471,93.0,94.2,477,467,26350,30650,5270.0,6130.0,-4300,-860.0,0,0.0,0.0,0,0,0,0,0,0,0,T,154.5,ence-vs-1win-m1-train
11,50,80188,de_train,50,65,1,5,5,0,465,471,93.0,94.2,477,467,26050,30650,5210.0,6130.0,-4600,-920.0,0,0.0,0.0,0,0,0,0,0,0,0,T,154.5,ence-vs-1win-m1-train
11,60,80828,de_train,60,55,1,5,5,0,465,471,93.0,94.2,477,467,26050,30650,5210.0,6130.0,-4600,-920.0,0,0.0,0.0,0,0,0,0,0,0,0,T,154.5,ence-vs-1win-m1-train
11,70,81468,de_train,70,45,2,5,5,0,465,471,93.0,94.2,477,467,26050,30650,5210.0,6130.0,-4600,-920.0,0,0.0,0.0,0,0,0,0,0,0,0,T,154.5,ence-vs-1win-m1-train
11,80,82108,de_train,80,35,2,5,5,0,465,471,93.0,94.2,477,467,26050,30650,5210.0,6130.0,-4600,-920.0,0,0.0,0.0,0,0,0,0,0,0,0,T,154.5,ence-vs-1win-m1-train
11,90,82748,de_train,90,25,2,5,5,0,465,471,93.0,94.2,477,467,26050,30650,5210.0,6130.0,-4600,-920.0,0,0.0,0.0,0,0,0,0,0,0,0,T,154.5,ence-vs-1win-m1-train
11,100,83388,de_train,100,15,2,5,5,0,458,471,91.6,94.2,473,467,26050,29550,5210.0,5910.0,-3500,-700.0,0,0.0,0.0,0,0,0,0,0,0,0,T,154.5,ence-vs-1win-m1-train
12,10,87516,de_train,10,105,0,5,5,0,500,500,100.0,100.0,425,199,27450,12650,5490.0,2530.0,14800,2960.0,0,0.0,0.0,0,0,0,0,0,0,0,CT,152.3125,ence-vs-1win-m1-train
12,20,88156,de_train,20,95,0,5,5,0,500,500,100.0,100.0,425,499,27450,30800,5490.0,6160.0,-3350,-670.0,0,0.0,0.0,0,0,0,0,0,0,0,CT,152.3125,ence-vs-1win-m1-train
12,30,88796,de_train,30,85,1,5,5,0,500,500,100.0,100.0,425,499,27450,30800,5490.0,6160.0,-3350,-670.0,0,0.0,0.0,0,0,0,0,0,0,0,CT,152.3125,ence-vs-1win-m1-train
12,40,89436,de_train,40,75,1,5,5,0,500,491,100.0,98.2,425,494,27150,30800,5430.0,6160.0,-3650,-730.0,0,0.0,0.0,0,0,0,0,0,0,0,CT,152.3125,ence-vs-1win-m1-train
12,50,90076,de_train,50,65,1,4,5,-1,392,436,98.0,87.2,333,491,22050,30800,5512.5,6160.0,-8750,-647.5,0,0.0,0.0,0,0,0,0,0,0,0,CT,152.3125,ence-vs-1win-m1-train
12,60,90716,de_train,60,55,1,4,5,-1,392,436,98.0,87.2,333,491,22050,29300,5512.5,5860.0,-7250,-347.5,0,0.0,0.0,0,0,0,0,0,0,0,CT,152.3125,ence-vs-1win-m1-train
12,70,91356,de_train,70,45,2,4,5,-1,392,436,98.0,87.2,333,491,22050,29200,5512.5,5840.0,-7150,-327.5,0,0.0,0.0,0,0,0,0,0,0,0,CT,152.3125,ence-vs-1win-m1-train
12,80,91996,de_train,80,35,2,4,5,-1,392,436,98.0,87.2,333,491,21450,29200,5362.5,5840.0,-7750,-477.5,0,0.0,0.0,0,0,0,0,0,0,0,CT,152.3125,ence-vs-1win-m1-train
12,90,92636,de_train,90,25,2,4,5,-1,392,436,98.0,87.2,333,491,20550,29200,5137.5,5840.0,-8650,-702.5,0,0.0,0.0,0,0,0,0,0,0,0,CT,152.3125,ence-vs-1win-m1-train
12,100,93276,de_train,100,15,2,4,5,-1,392,436,98.0,87.2,333,491,20750,29200,5187.5,5840.0,-8450,-652.5,0,0.0,0.0,0,0,0,0,0,0,0,CT,152.3125,ence-vs-1win-m1-train
13,10,97264,de_train,10,105,0,5,5,0,500,500,100.0,100.0,400,499,22450,31450,4490.0,6290.0,-9000,-1800.0,0,0.0,0.0,0,0,0,0,0,0,0,T,122.453125,ence-vs-1win-m1-train
13,20,97904,de_train,20,95,0,5,5,0,500,500,100.0,100.0,500,499,27950,31950,5590.0,6390.0,-4000,-800.0,0,0.0,0.0,0,0,0,0,0,0,0,T,122.453125,ence-vs-1win-m1-train
13,30,98544,de_train,30,85,1,5,5,0,500,500,100.0,100.0,500,499,28250,31950,5650.0,6390.0,-3700,-740.0,0,0.0,0.0,0,0,0,0,0,0,0,T,122.453125,ence-vs-1win-m1-train
13,40,99184,de_train,40,75,1,5,5,0,500,500,100.0,100.0,500,499,28250,31950,5650.0,6390.0,-3700,-740.0,0,0.0,0.0,0,0,0,0,0,0,0,T,122.453125,ence-vs-1win-m1-train
13,50,99824,de_train,50,65,1,5,5,0,411,443,82.2,88.6,494,499,28250,31950,5650.0,6390.0,-3700,-740.0,0,0.0,0.0,0,0,0,0,0,0,0,T,122.453125,ence-vs-1win-m1-train
13,60,100464,de_train,60,55,1,5,5,0,411,443,82.2,88.6,494,499,28250,31950,5650.0,6390.0,-3700,-740.0,0,0.0,0.0,0,0,0,0,0,0,0,T,122.453125,ence-vs-1win-m1-train
13,70,101104,de_train,70,45,2,5,5,0,411,441,82.2,88.2,494,498,28250,31450,5650.0,6290.0,-3200,-640.0,0,0.0,0.0,0,0,0,0,0,0,0,T,122.453125,ence-vs-1win-m1-train
13,80,101744,de_train,80,35,2,5,5,0,411,413,82.2,82.6,494,498,28250,31450,5650.0,6290.0,-3200,-640.0,0,0.0,0.0,0,0,0,0,0,0,0,T,122.453125,ence-vs-1win-m1-train
13,90,102384,de_train,90,25,2,4,3,1,311,300,77.75,100.0,394,299,22650,19950,5662.5,6650.0,2700,-987.5,0,0.0,0.0,0,0,0,0,0,0,0,T,122.453125,ence-vs-1win-m1-train
13,100,103024,de_train,100,15,2,4,3,1,311,300,77.75,100.0,394,299,22650,19950,5662.5,6650.0,2700,-987.5,1,5.34375,34.65625,0,0,0,0,0,0,0,T,122.453125,ence-vs-1win-m1-train
14,10,105101,de_train,10,105,0,2,0,2,59,0,29.5,0.0,132,0,10200,0,5100.0,0.0,10200,5100.0,0,0.0,0.0,0,0,0,0,0,0,0,CT,84.0625,ence-vs-1win-m1-train
14,20,105741,de_train,20,95,0,5,5,0,500,500,100.0,100.0,0,500,1300,4250,260.0,850.0,-2950,-590.0,0,0.0,0.0,0,0,0,0,0,0,0,CT,84.0625,ence-vs-1win-m1-train
14,30,106381,de_train,30,85,1,5,5,0,500,500,100.0,100.0,400,500,4200,4250,840.0,850.0,-50,-10.0,0,0.0,0.0,0,0,0,0,0,0,0,CT,84.0625,ence-vs-1win-m1-train
14,40,107021,de_train,40,75,1,5,5,0,500,500,100.0,100.0,400,500,4200,4250,840.0,850.0,-50,-10.0,0,0.0,0.0,0,0,0,0,0,0,0,CT,84.0625,ence-vs-1win-m1-train
14,50,107661,de_train,50,65,1,5,5,0,476,453,95.2,90.6,400,480,4200,4250,840.0,850.0,-50,-10.0,0,0.0,0.0,0,0,0,0,0,0,0,CT,84.0625,ence-vs-1win-m1-train
14,60,108301,de_train,60,55,1,5,5,0,476,453,95.2,90.6,400,480,4200,4250,840.0,850.0,-50,-10.0,0,0.0,0.0,0,0,0,0,0,0,0,CT,84.0625,ence-vs-1win-m1-train
14,70,108941,de_train,70,45,2,5,5,0,476,453,95.2,90.6,400,480,4200,4250,840.0,850.0,-50,-10.0,0,0.0,0.0,0,0,0,0,0,0,0,CT,84.0625,ence-vs-1win-m1-train
14,80,109581,de_train,80,35,2,3,5,-2,263,452,87.66666666666667,90.4,194,480,2500,4250,833.3333333333334,850.0,-1750,-16.66666666666663,0,0.0,0.0,0,0,0,0,0,0,0,CT,84.0625,ence-vs-1win-m1-train
15,10,110481,de_train,10,105,0,5,5,0,500,500,100.0,100.0,0,500,1000,19050,200.0,3810.0,-18050,-3610.0,0,0.0,0.0,0,0,0,0,0,0,0,CT,121.03125,ence-vs-1win-m1-train
15,20,111121,de_train,20,95,0,5,5,0,500,500,100.0,100.0,500,500,9550,22600,1910.0,4520.0,-13050,-2610.0,0,0.0,0.0,0,0,0,0,0,0,0,CT,121.03125,ence-vs-1win-m1-train
15,30,111761,de_train,30,85,1,5,5,0,500,500,100.0,100.0,500,500,9850,22600,1970.0,4520.0,-12750,-2550.0,0,0.0,0.0,0,0,0,0,0,0,0,CT,121.03125,ence-vs-1win-m1-train
15,40,112401,de_train,40,75,1,5,5,0,500,500,100.0,100.0,500,500,9850,22600,1970.0,4520.0,-12750,-2550.0,0,0.0,0.0,0,0,0,0,0,0,0,CT,121.03125,ence-vs-1win-m1-train
15,50,113041,de_train,50,65,1,5,5,0,500,500,100.0,100.0,500,500,9850,22600,1970.0,4520.0,-12750,-2550.0,0,0.0,0.0,0,0,0,0,0,0,0,CT,121.03125,ence-vs-1win-m1-train
15,60,113681,de_train,60,55,1,4,5,-1,295,500,73.75,100.0,389,500,8000,22600,2000.0,4520.0,-14600,-2520.0,0,0.0,0.0,0,0,0,0,0,0,0,CT,121.03125,ence-vs-1win-m1-train
15,70,114321,de_train,70,45,2,4,5,-1,295,500,73.75,100.0,389,500,8000,22600,2000.0,4520.0,-14600,-2520.0,0,0.0,0.0,0,0,0,0,0,0,0,CT,121.03125,ence-vs-1win-m1-train
15,80,114961,de_train,80,35,2,4,5,-1,295,500,73.75,100.0,389,500,8000,22600,2000.0,4520.0,-14600,-2520.0,0,0.0,0.0,0,0,0,0,0,0,0,CT,121.03125,ence-vs-1win-m1-train
15,90,115601,de_train,90,25,2,4,5,-1,295,500,73.75,100.0,389,500,8000,22600,2000.0,4520.0,-14600,-2520.0,0,0.0,0.0,0,0,0,0,0,0,0,CT,121.03125,ence-vs-1win-m1-train
15,100,116241,de_train,100,15,2,4,5,-1,295,500,73.75,100.0,389,500,7400,22600,1850.0,4520.0,-15200,-2670.0,0,0.0,0.0,0,0,0,0,0,0,0,CT,121.03125,ence-vs-1win-m1-train
16,10,118227,de_train,10,105,0,5,5,0,500,500,100.0,100.0,0,496,1000,23100,200.0,4620.0,-22100,-4420.0,0,0.0,0.0,0,0,0,0,0,0,0,CT,100.40625,ence-vs-1win-m1-train
16,20,118867,de_train,20,95,0,5,5,0,500,500,100.0,100.0,0,496,1500,25400,300.0,5080.0,-23900,-4780.0,0,0.0,0.0,0,0,0,0,0,0,0,CT,100.40625,ence-vs-1win-m1-train
16,30,119507,de_train,30,85,1,5,5,0,500,500,100.0,100.0,0,496,2200,25800,440.0,5160.0,-23600,-4720.0,0,0.0,0.0,0,0,0,0,0,0,0,CT,100.40625,ence-vs-1win-m1-train
16,40,120147,de_train,40,75,1,5,5,0,498,500,99.6,100.0,0,496,2200,25800,440.0,5160.0,-23600,-4720.0,0,0.0,0.0,0,0,0,0,0,0,0,CT,100.40625,ence-vs-1win-m1-train
16,50,120787,de_train,50,65,1,5,5,0,498,500,99.6,100.0,0,496,2200,25800,440.0,5160.0,-23600,-4720.0,0,0.0,0.0,0,0,0,0,0,0,0,CT,100.40625,ence-vs-1win-m1-train
16,60,121427,de_train,60,55,1,5,5,0,480,500,96.0,100.0,0,496,2200,25800,440.0,5160.0,-23600,-4720.0,0,0.0,0.0,0,0,0,0,0,0,0,CT,100.40625,ence-vs-1win-m1-train
16,70,122067,de_train,70,45,2,5,5,0,480,500,96.0,100.0,0,496,2200,25800,440.0,5160.0,-23600,-4720.0,0,0.0,0.0,0,0,0,0,0,0,0,CT,100.40625,ence-vs-1win-m1-train
16,80,122707,de_train,80,35,2,5,5,0,480,500,96.0,100.0,0,496,2200,25800,440.0,5160.0,-23600,-4720.0,0,0.0,0.0,0,0,0,0,0,0,0,CT,100.40625,ence-vs-1win-m1-train
16,90,123347,de_train,90,25,2,5,5,0,480,500,96.0,100.0,0,496,2200,25800,440.0,5160.0,-23600,-4720.0,0,0.0,0.0,0,0,0,0,0,0,0,CT,100.40625,ence-vs-1win-m1-train
16,100,123987,de_train,100,15,2,1,5,-4,100,406,100.0,81.2,0,494,700,25800,700.0,5160.0,-25100,-4460.0,0,0.0,0.0,0,0,0,0,0,0,0,CT,100.40625,ence-vs-1win-m1-train
17,10,124653,de_train,10,105,0,5,5,0,500,500,100.0,100.0,500,494,24200,26350,4840.0,5270.0,-2150,-430.0,0,0.0,0.0,0,0,0,0,0,0,0,T,146.265625,ence-vs-1win-m1-train
17,20,125293,de_train,20,95,0,5,5,0,500,500,100.0,100.0,500,494,24900,29500,4980.0,5900.0,-4600,-920.0,0,0.0,0.0,0,0,0,0,0,0,0,T,146.265625,ence-vs-1win-m1-train
17,30,125933,de_train,30,85,1,5,5,0,500,500,100.0,100.0,500,494,24900,29500,4980.0,5900.0,-4600,-920.0,0,0.0,0.0,0,0,0,0,0,0,0,T,146.265625,ence-vs-1win-m1-train
17,40,126573,de_train,40,75,1,5,5,0,491,500,98.2,100.0,494,494,24600,29500,4920.0,5900.0,-4900,-980.0,0,0.0,0.0,0,0,0,0,0,0,0,T,146.265625,ence-vs-1win-m1-train
17,50,127213,de_train,50,65,1,5,5,0,491,500,98.2,100.0,494,494,24600,29500,4920.0,5900.0,-4900,-980.0,0,0.0,0.0,0,0,0,0,0,0,0,T,146.265625,ence-vs-1win-m1-train
17,60,127853,de_train,60,55,1,5,5,0,491,500,98.2,100.0,494,494,24600,29500,4920.0,5900.0,-4900,-980.0,0,0.0,0.0,0,0,0,0,0,0,0,T,146.265625,ence-vs-1win-m1-train
17,70,128493,de_train,70,45,2,4,4,0,383,393,95.75,98.25,400,393,19500,23700,4875.0,5925.0,-4200,-1050.0,0,0.0,0.0,0,0,0,0,0,0,0,T,146.265625,ence-vs-1win-m1-train
17,80,129133,de_train,80,35,2,3,3,0,217,285,72.33333333333333,95.0,283,293,13900,18300,4633.333333333333,6100.0,-4400,-1466.666666666667,0,0.0,0.0,0,0,0,0,0,0,0,T,146.265625,ence-vs-1win-m1-train
17,90,129773,de_train,90,25,2,2,2,0,121,185,60.5,92.5,183,196,8900,12400,4450.0,6200.0,-3500,-1750.0,0,0.0,0.0,0,0,0,0,0,0,0,T,146.265625,ence-vs-1win-m1-train
17,100,130413,de_train,100,15,2,2,2,0,121,185,60.5,92.5,183,196,8900,12400,4450.0,6200.0,-3500,-1750.0,0,0.0,0.0,0,0,0,0,0,0,0,T,146.265625,ence-vs-1win-m1-train
18,10,134014,de_train,10,105,0,5,5,0,500,500,100.0,100.0,293,200,10100,14000,2020.0,2800.0,-3900,-780.0,0,0.0,0.0,0,0,0,0,0,0,0,T,115.75,ence-vs-1win-m1-train
18,20,134654,de_train,20,95,0,5,5,0,500,500,100.0,100.0,493,500,20950,28850,4190.0,5770.0,-7900,-1580.0,0,0.0,0.0,0,0,0,0,0,0,0,T,115.75,ence-vs-1win-m1-train
18,30,135294,de_train,30,85,1,5,5,0,500,500,100.0,100.0,493,500,21450,29200,4290.0,5840.0,-7750,-1550.0,0,0.0,0.0,0,0,0,0,0,0,0,T,115.75,ence-vs-1win-m1-train
18,40,135934,de_train,40,75,1,5,5,0,500,491,100.0,98.2,493,500,21450,29200,4290.0,5840.0,-7750,-1550.0,0,0.0,0.0,0,0,0,0,0,0,0,T,115.75,ence-vs-1win-m1-train
18,50,136574,de_train,50,65,1,5,5,0,500,491,100.0,98.2,493,500,21450,28700,4290.0,5740.0,-7250,-1450.0,0,0.0,0.0,0,0,0,0,0,0,0,T,115.75,ence-vs-1win-m1-train
18,60,137214,de_train,60,55,1,5,5,0,500,491,100.0,98.2,493,500,21450,27900,4290.0,5580.0,-6450,-1290.0,0,0.0,0.0,0,0,0,0,0,0,0,T,115.75,ence-vs-1win-m1-train
18,70,137854,de_train,70,45,2,5,2,3,280,200,56.0,100.0,459,200,20650,12450,4130.0,6225.0,8200,-2095.0,0,0.0,0.0,0,0,0,0,0,0,0,T,115.75,ence-vs-1win-m1-train
18,80,138494,de_train,80,35,2,5,2,3,280,200,56.0,100.0,459,200,20650,12450,4130.0,6225.0,8200,-2095.0,1,5.25,34.75,0,0,0,0,0,0,0,T,115.75,ence-vs-1win-m1-train
18,90,139134,de_train,90,25,2,4,1,3,221,100,55.25,100.0,364,100,16950,7150,4237.5,7150.0,9800,-2912.5,1,15.25,24.75,0,0,0,0,0,0,0,T,115.75,ence-vs-1win-m1-train
18,100,139774,de_train,100,15,2,4,1,3,221,100,55.25,100.0,364,100,16150,7150,4037.5,7150.0,9000,-3112.5,1,25.25,14.75,0,0,0,0,0,0,0,T,115.75,ence-vs-1win-m1-train
19,10,141422,de_train,10,105,0,5,5,0,500,500,100.0,100.0,283,95,15800,7250,3160.0,1450.0,8550,1710.0,0,0.0,0.0,0,0,0,0,0,0,0,T,77.78125,ence-vs-1win-m1-train
19,20,142062,de_train,20,95,0,5,5,0,500,500,100.0,100.0,383,495,20000,19350,4000.0,3870.0,650,130.0,0,0.0,0.0,0,0,0,0,0,0,0,T,77.78125,ence-vs-1win-m1-train
19,30,142702,de_train,30,85,1,5,5,0,500,500,100.0,100.0,483,495,23800,19650,4760.0,3930.0,4150,830.0,0,0.0,0.0,0,0,0,0,0,0,0,T,77.78125,ence-vs-1win-m1-train
19,40,143342,de_train,40,75,1,5,5,0,500,500,100.0,100.0,483,495,23800,19650,4760.0,3930.0,4150,830.0,0,0.0,0.0,0,0,0,0,0,0,0,T,77.78125,ence-vs-1win-m1-train
19,50,143982,de_train,50,65,1,4,4,0,400,400,100.0,100.0,383,400,18700,13200,4675.0,3300.0,5500,1375.0,0,0.0,0.0,0,0,0,0,0,0,0,T,77.78125,ence-vs-1win-m1-train
19,60,144622,de_train,60,55,1,4,4,0,400,400,100.0,100.0,383,400,18700,13200,4675.0,3300.0,5500,1375.0,0,0.0,0.0,0,0,0,0,0,0,0,T,77.78125,ence-vs-1win-m1-train
19,70,145262,de_train,70,45,2,3,3,0,300,256,100.0,85.33333333333333,283,300,14300,11050,4766.666666666667,3683.3333333333335,3250,1083.3333333333335,0,0.0,0.0,0,0,0,0,0,0,0,T,77.78125,ence-vs-1win-m1-train
20,10,146400,de_train,10,105,0,5,5,0,500,500,100.0,100.0,264,0,14900,1000,2980.0,200.0,13900,2780.0,0,0.0,0.0,0,0,0,0,0,0,0,CT,146.140625,ence-vs-1win-m1-train
20,20,147040,de_train,20,95,0,5,5,0,500,500,100.0,100.0,464,200,23650,4300,4730.0,860.0,19350,3870.0,0,0.0,0.0,0,0,0,0,0,0,0,CT,146.140625,ence-vs-1win-m1-train
20,30,147680,de_train,30,85,1,5,5,0,500,500,100.0,100.0,464,200,23450,4500,4690.0,900.0,18950,3790.0,0,0.0,0.0,0,0,0,0,0,0,0,CT,146.140625,ence-vs-1win-m1-train
20,40,148320,de_train,40,75,1,5,5,0,500,500,100.0,100.0,464,200,23450,4500,4690.0,900.0,18950,3790.0,0,0.0,0.0,0,0,0,0,0,0,0,CT,146.140625,ence-vs-1win-m1-train
20,50,148960,de_train,50,65,1,5,5,0,500,500,100.0,100.0,464,200,23450,4300,4690.0,860.0,19150,3830.0,0,0.0,0.0,0,0,0,0,0,0,0,CT,146.140625,ence-vs-1win-m1-train
20,60,149600,de_train,60,55,1,5,5,0,500,500,100.0,100.0,464,200,23450,4300,4690.0,860.0,19150,3830.0,0,0.0,0.0,0,0,0,0,0,0,0,CT,146.140625,ence-vs-1win-m1-train
20,70,150240,de_train,70,45,2,5,5,0,500,500,100.0,100.0,464,200,23450,4600,4690.0,920.0,18850,3770.0,0,0.0,0.0,0,0,0,0,0,0,0,CT,146.140625,ence-vs-1win-m1-train
20,80,150880,de_train,80,35,2,5,5,0,500,500,100.0,100.0,464,200,23450,4600,4690.0,920.0,18850,3770.0,0,0.0,0.0,0,0,0,0,0,0,0,CT,146.140625,ence-vs-1win-m1-train
20,90,151520,de_train,90,25,2,2,4,-2,200,365,100.0,91.25,193,200,9700,6800,4850.0,1700.0,2900,3150.0,0,0.0,0.0,0,0,0,0,0,0,0,CT,146.140625,ence-vs-1win-m1-train
20,100,152160,de_train,100,15,2,2,4,-2,200,365,100.0,91.25,193,200,9700,6800,4850.0,1700.0,2900,3150.0,0,0.0,0.0,0,0,0,0,0,0,0,CT,146.140625,ence-vs-1win-m1-train
21,10,155753,de_train,10,105,0,5,5,0,500,500,100.0,100.0,0,200,1000,16350,200.0,3270.0,-15350,-3070.0,0,0.0,0.0,0,0,0,0,0,0,0,T,153.234375,ence-vs-1win-m1-train
21,20,156393,de_train,20,95,0,5,5,0,500,500,100.0,100.0,0,500,1000,29550,200.0,5910.0,-28550,-5710.0,0,0.0,0.0,0,0,0,0,0,0,0,T,153.234375,ence-vs-1win-m1-train
21,30,157033,de_train,30,85,1,5,5,0,500,500,100.0,100.0,0,500,1000,29550,200.0,5910.0,-28550,-5710.0,0,0.0,0.0,0,0,0,0,0,0,0,T,153.234375,ence-vs-1win-m1-train
21,40,157673,de_train,40,75,1,5,5,0,500,500,100.0,100.0,400,500,13850,29750,2770.0,5950.0,-15900,-3180.0,0,0.0,0.0,0,0,0,0,0,0,0,T,153.234375,ence-vs-1win-m1-train
21,50,158313,de_train,50,65,1,5,5,0,500,500,100.0,100.0,500,500,18850,29750,3770.0,5950.0,-10900,-2180.0,0,0.0,0.0,0,0,0,0,0,0,0,T,153.234375,ence-vs-1win-m1-train
21,60,158953,de_train,60,55,1,5,5,0,500,500,100.0,100.0,500,500,19150,29750,3830.0,5950.0,-10600,-2120.0,0,0.0,0.0,0,0,0,0,0,0,0,T,153.234375,ence-vs-1win-m1-train
21,70,159593,de_train,70,45,2,5,5,0,500,500,100.0,100.0,500,500,19150,29750,3830.0,5950.0,-10600,-2120.0,0,0.0,0.0,0,0,0,0,0,0,0,T,153.234375,ence-vs-1win-m1-train
21,80,160233,de_train,80,35,2,5,5,0,500,500,100.0,100.0,500,500,19150,29750,3830.0,5950.0,-10600,-2120.0,0,0.0,0.0,0,0,0,0,0,0,0,T,153.234375,ence-vs-1win-m1-train
21,90,160873,de_train,90,25,2,5,5,0,500,500,100.0,100.0,500,500,19150,29750,3830.0,5950.0,-10600,-2120.0,0,0.0,0.0,0,0,0,0,0,0,0,T,153.234375,ence-vs-1win-m1-train
21,100,161513,de_train,100,15,2,5,5,0,500,500,100.0,100.0,500,500,18650,29750,3730.0,5950.0,-11100,-2220.0,0,0.0,0.0,0,0,0,0,0,0,0,T,153.234375,ence-vs-1win-m1-train
22,10,165560,de_train,10,105,0,5,5,0,500,500,100.0,100.0,400,200,21650,7550,4330.0,1510.0,14100,2820.0,0,0.0,0.0,0,0,0,0,0,0,0,CT,159.46875,ence-vs-1win-m1-train
22,20,166200,de_train,20,95,0,5,5,0,500,500,100.0,100.0,500,300,24750,10600,4950.0,2120.0,14150,2830.0,0,0.0,0.0,0,0,0,0,0,0,0,CT,159.46875,ence-vs-1win-m1-train
22,30,166840,de_train,30,85,1,5,5,0,500,500,100.0,100.0,500,500,27450,15750,5490.0,3150.0,11700,2340.0,0,0.0,0.0,0,0,0,0,0,0,0,CT,159.46875,ence-vs-1win-m1-train
22,40,167480,de_train,40,75,1,5,5,0,500,500,100.0,100.0,500,500,27450,15750,5490.0,3150.0,11700,2340.0,0,0.0,0.0,0,0,0,0,0,0,0,CT,159.46875,ence-vs-1win-m1-train
22,50,168120,de_train,50,65,1,5,4,1,500,400,100.0,100.0,500,400,27450,10700,5490.0,2675.0,16750,2815.0,0,0.0,0.0,0,0,0,0,0,0,0,CT,159.46875,ence-vs-1win-m1-train
22,60,168760,de_train,60,55,1,5,4,1,413,400,82.6,100.0,494,400,27450,10700,5490.0,2675.0,16750,2815.0,0,0.0,0.0,0,0,0,0,0,0,0,CT,159.46875,ence-vs-1win-m1-train
22,70,169400,de_train,70,45,2,4,4,0,400,400,100.0,100.0,400,400,22450,13100,5612.5,3275.0,9350,2337.5,0,0.0,0.0,0,0,0,0,0,0,0,CT,159.46875,ence-vs-1win-m1-train
22,80,170040,de_train,80,35,2,3,3,0,273,240,91.0,80.0,299,292,16650,10400,5550.0,3466.6666666666665,6250,2083.3333333333335,0,0.0,0.0,0,0,0,0,0,0,0,CT,159.46875,ence-vs-1win-m1-train
22,90,170680,de_train,90,25,2,2,3,-1,173,240,86.5,80.0,199,292,11650,10200,5825.0,3400.0,1450,2425.0,0,0.0,0.0,0,0,0,0,0,0,0,CT,159.46875,ence-vs-1win-m1-train
22,100,171320,de_train,100,15,2,2,3,-1,173,240,86.5,80.0,199,292,11650,10200,5825.0,3400.0,1450,2425.0,0,0.0,0.0,0,0,0,0,0,0,0,CT,159.46875,ence-vs-1win-m1-train
23,10,175766,de_train,10,105,0,5,5,0,500,500,100.0,100.0,200,290,5700,16950,1140.0,3390.0,-11250,-2250.0,0,0.0,0.0,0,0,0,0,0,0,0,CT,140.90625,ence-vs-1win-m1-train
23,20,176406,de_train,20,95,0,5,5,0,500,500,100.0,100.0,400,490,17950,26550,3590.0,5310.0,-8600,-1720.0,0,0.0,0.0,0,0,0,0,0,0,0,CT,140.90625,ence-vs-1win-m1-train
23,30,177046,de_train,30,85,1,5,5,0,500,500,100.0,100.0,500,490,22450,26750,4490.0,5350.0,-4300,-860.0,0,0.0,0.0,0,0,0,0,0,0,0,CT,140.90625,ence-vs-1win-m1-train
23,40,177686,de_train,40,75,1,5,5,0,500,500,100.0,100.0,500,490,22450,26750,4490.0,5350.0,-4300,-860.0,0,0.0,0.0,0,0,0,0,0,0,0,CT,140.90625,ence-vs-1win-m1-train
23,50,178326,de_train,50,65,1,4,5,-1,340,418,85.0,83.6,399,464,19500,26750,4875.0,5350.0,-7250,-475.0,0,0.0,0.0,0,0,0,0,0,0,0,CT,140.90625,ence-vs-1win-m1-train
23,60,178966,de_train,60,55,1,3,4,-1,300,326,100.0,81.5,300,372,14600,21150,4866.666666666667,5287.5,-6550,-420.83333333333303,0,0.0,0.0,0,0,0,0,0,0,0,CT,140.90625,ence-vs-1win-m1-train
23,70,179606,de_train,70,45,2,3,4,-1,300,326,100.0,81.5,300,372,14600,21150,4866.666666666667,5287.5,-6550,-420.83333333333303,0,0.0,0.0,0,0,0,0,0,0,0,CT,140.90625,ence-vs-1win-m1-train
23,80,180246,de_train,80,35,2,3,4,-1,300,326,100.0,81.5,300,372,14600,21150,4866.666666666667,5287.5,-6550,-420.83333333333303,0,0.0,0.0,0,0,0,0,0,0,0,CT,140.90625,ence-vs-1win-m1-train
23,90,180886,de_train,90,25,2,2,3,-1,200,287,100.0,95.66666666666667,200,281,9600,17050,4800.0,5683.333333333333,-7450,-883.333333333333,0,0.0,0.0,0,0,0,0,0,0,0,CT,140.90625,ence-vs-1win-m1-train
23,100,181526,de_train,100,15,2,1,3,-2,100,287,100.0,95.66666666666667,100,281,4600,16450,4600.0,5483.333333333333,-11850,-883.333333333333,0,0.0,0.0,0,0,0,0,0,0,0,CT,140.90625,ence-vs-1win-m1-train
24,10,184784,de_train,10,105,0,5,5,0,500,500,100.0,100.0,100,291,2000,17800,400.0,3560.0,-15800,-3160.0,0,0.0,0.0,0,0,0,0,0,0,0,CT,64.96875,ence-vs-1win-m1-train
24,20,185424,de_train,20,95,0,5,5,0,500,500,100.0,100.0,100,491,6300,29750,1260.0,5950.0,-23450,-4690.0,0,0.0,0.0,0,0,0,0,0,0,0,CT,64.96875,ence-vs-1win-m1-train
24,30,186064,de_train,30,85,1,5,5,0,500,500,100.0,100.0,200,491,7750,30050,1550.0,6010.0,-22300,-4460.0,0,0.0,0.0,0,0,0,0,0,0,0,CT,64.96875,ence-vs-1win-m1-train
24,40,186704,de_train,40,75,1,5,5,0,383,500,76.6,100.0,168,491,7750,30050,1550.0,6010.0,-22300,-4460.0,0,0.0,0.0,0,0,0,0,0,0,0,CT,64.96875,ence-vs-1win-m1-train
24,50,187344,de_train,50,65,1,4,4,0,296,357,74.0,89.25,168,388,6950,24150,1737.5,6037.5,-17200,-4300.0,0,0.0,0.0,0,0,0,0,0,0,0,CT,64.96875,ence-vs-1win-m1-train
24,60,187984,de_train,60,55,1,1,3,-2,66,204,66.0,68.0,0,282,1100,18250,1100.0,6083.333333333333,-17150,-4983.333333333333,0,0.0,0.0,0,0,0,0,0,0,0,CT,64.96875,ence-vs-1win-m1-train
25,10,188942,de_train,10,105,0,5,5,0,500,500,100.0,100.0,300,282,10250,21350,2050.0,4270.0,-11100,-2220.0,0,0.0,0.0,0,0,0,0,0,0,0,CT,134.21875,ence-vs-1win-m1-train
25,20,189582,de_train,20,95,0,5,5,0,500,500,100.0,100.0,400,482,15250,31750,3050.0,6350.0,-16500,-3300.0,0,0.0,0.0,0,0,0,0,0,0,0,CT,134.21875,ence-vs-1win-m1-train
25,30,190222,de_train,30,85,1,5,5,0,500,500,100.0,100.0,500,482,19950,31850,3990.0,6370.0,-11900,-2380.0,0,0.0,0.0,0,0,0,0,0,0,0,CT,134.21875,ence-vs-1win-m1-train
25,40,190862,de_train,40,75,1,5,5,0,500,497,100.0,99.4,500,481,19950,31850,3990.0,6370.0,-11900,-2380.0,0,0.0,0.0,0,0,0,0,0,0,0,CT,134.21875,ence-vs-1win-m1-train
25,50,191502,de_train,50,65,1,5,5,0,500,497,100.0,99.4,500,481,19250,31850,3850.0,6370.0,-12600,-2520.0,0,0.0,0.0,0,0,0,0,0,0,0,CT,134.21875,ence-vs-1win-m1-train
25,60,192142,de_train,60,55,1,5,5,0,500,497,100.0,99.4,500,481,19250,31550,3850.0,6310.0,-12300,-2460.0,0,0.0,0.0,0,0,0,0,0,0,0,CT,134.21875,ence-vs-1win-m1-train
25,70,192782,de_train,70,45,2,5,5,0,499,497,99.8,99.4,500,481,18650,31550,3730.0,6310.0,-12900,-2580.0,0,0.0,0.0,0,0,0,0,0,0,0,CT,134.21875,ence-vs-1win-m1-train
25,80,193422,de_train,80,35,2,5,5,0,499,497,99.8,99.4,500,481,18650,30950,3730.0,6190.0,-12300,-2460.0,0,0.0,0.0,0,0,0,0,0,0,0,CT,134.21875,ence-vs-1win-m1-train
25,90,194062,de_train,90,25,2,5,5,0,499,481,99.8,96.2,500,481,17950,30950,3590.0,6190.0,-13000,-2600.0,0,0.0,0.0,0,0,0,0,0,0,0,CT,134.21875,ence-vs-1win-m1-train
25,100,194702,de_train,100,15,2,2,4,-2,200,382,100.0,95.5,200,381,8600,25350,4300.0,6337.5,-16750,-2037.5,0,0.0,0.0,0,0,0,0,0,0,0,CT,134.21875,ence-vs-1win-m1-train
26,10,197532,de_train,10,105,0,0,1,-1,0,56,0.0,56.0,0,97,0,5500,0.0,5500.0,-5500,-5500.0,0,0.0,0.0,0,0,0,0,0,0,0,T,166.3125,ence-vs-1win-m1-train
26,20,198172,de_train,20,95,0,5,5,0,500,500,100.0,100.0,300,400,15500,27400,3100.0,5480.0,-11900,-2380.0,0,0.0,0.0,0,0,0,0,0,0,0,T,166.3125,ence-vs-1win-m1-train
26,30,198812,de_train,30,85,1,5,5,0,500,500,100.0,100.0,500,500,27150,29700,5430.0,5940.0,-2550,-510.0,0,0.0,0.0,0,0,0,0,0,0,0,T,166.3125,ence-vs-1win-m1-train
26,40,199452,de_train,40,75,1,5,5,0,500,500,100.0,100.0,500,500,27150,29700,5430.0,5940.0,-2550,-510.0,0,0.0,0.0,0,0,0,0,0,0,0,T,166.3125,ence-vs-1win-m1-train
26,50,200092,de_train,50,65,1,5,5,0,487,498,97.4,99.6,491,499,26750,29700,5350.0,5940.0,-2950,-590.0,0,0.0,0.0,0,0,0,0,0,0,0,T,166.3125,ence-vs-1win-m1-train
26,60,200732,de_train,60,55,1,5,5,0,479,498,95.8,99.6,491,499,26050,29700,5210.0,5940.0,-3650,-730.0,0,0.0,0.0,0,0,0,0,0,0,0,T,166.3125,ence-vs-1win-m1-train
26,70,201372,de_train,70,45,2,5,5,0,479,498,95.8,99.6,491,499,26350,29700,5270.0,5940.0,-3350,-670.0,0,0.0,0.0,0,0,0,0,0,0,0,T,166.3125,ence-vs-1win-m1-train
26,80,202012,de_train,80,35,2,5,5,0,479,498,95.8,99.6,491,499,26350,29200,5270.0,5840.0,-2850,-570.0,0,0.0,0.0,0,0,0,0,0,0,0,T,166.3125,ence-vs-1win-m1-train
26,90,202652,de_train,90,25,2,5,5,0,474,498,94.8,99.6,491,499,26350,29200,5270.0,5840.0,-2850,-570.0,0,0.0,0.0,0,0,0,0,0,0,0,T,166.3125,ence-vs-1win-m1-train
26,100,203292,de_train,100,15,2,5,5,0,427,498,85.4,99.6,481,499,26350,29200,5270.0,5840.0,-2850,-570.0,0,0.0,0.0,0,0,0,0,0,0,0,T,166.3125,ence-vs-1win-m1-train
27,10,208176,de_train,10,105,0,5,5,0,500,500,100.0,100.0,292,300,20250,17600,4050.0,3520.0,2650,530.0,0,0.0,0.0,0,0,0,0,0,0,0,CT,85.75,ence-vs-1win-m1-train
27,20,208816,de_train,20,95,0,5,5,0,500,500,100.0,100.0,492,500,27450,29700,5490.0,5940.0,-2250,-450.0,0,0.0,0.0,0,0,0,0,0,0,0,CT,85.75,ence-vs-1win-m1-train
27,30,209456,de_train,30,85,1,5,5,0,500,500,100.0,100.0,492,500,27550,29150,5510.0,5830.0,-1600,-320.0,0,0.0,0.0,0,0,0,0,0,0,0,CT,85.75,ence-vs-1win-m1-train
27,40,210096,de_train,40,75,1,5,4,1,480,400,96.0,100.0,492,400,27550,23700,5510.0,5925.0,3850,-415.0,0,0.0,0.0,0,0,0,0,0,0,0,CT,85.75,ence-vs-1win-m1-train
27,50,210736,de_train,50,65,1,5,4,1,480,400,96.0,100.0,492,400,27550,23700,5510.0,5925.0,3850,-415.0,1,1.453125,38.546875,0,0,0,0,0,0,0,CT,85.75,ence-vs-1win-m1-train
27,60,211376,de_train,60,55,1,3,4,-1,293,400,97.66666666666667,100.0,292,400,16950,23700,5650.0,5925.0,-6750,-275.0,1,11.453125,28.546875,0,0,0,0,0,0,0,CT,85.75,ence-vs-1win-m1-train
27,70,212016,de_train,70,45,2,2,4,-2,193,400,96.5,100.0,192,400,12350,23700,6175.0,5925.0,-11350,250.0,1,21.453125,18.546875,0,0,0,0,0,0,0,CT,85.75,ence-vs-1win-m1-train
27,80,212656,de_train,80,35,2,1,3,-2,48,300,48.0,100.0,92,300,5000,16100,5000.0,5366.666666666667,-11100,-366.66666666666697,1,31.453125,8.546875,0,0,0,0,0,0,0,CT,85.75,ence-vs-1win-m1-train
28,10,213664,de_train,10,105,0,5,5,0,500,500,100.0,100.0,300,400,20550,20250,4110.0,4050.0,300,60.0,0,0.0,0.0,0,0,0,0,0,0,0,CT,96.515625,ence-vs-1win-m1-train
28,20,214304,de_train,20,95,0,5,5,0,500,500,100.0,100.0,500,500,27950,30950,5590.0,6190.0,-3000,-600.0,0,0.0,0.0,0,0,0,0,0,0,0,CT,96.515625,ence-vs-1win-m1-train
28,30,214944,de_train,30,85,1,5,5,0,500,500,100.0,100.0,500,500,27950,30950,5590.0,6190.0,-3000,-600.0,0,0.0,0.0,0,0,0,0,0,0,0,CT,96.515625,ence-vs-1win-m1-train
28,40,215584,de_train,40,75,1,4,5,-1,400,500,100.0,100.0,400,500,22950,30950,5737.5,6190.0,-8000,-452.5,0,0.0,0.0,0,0,0,0,0,0,0,CT,96.515625,ence-vs-1win-m1-train
28,50,216224,de_train,50,65,1,3,5,-2,300,500,100.0,100.0,300,500,17950,30950,5983.333333333333,6190.0,-13000,-206.66666666666697,0,0.0,0.0,0,0,0,0,0,0,0,CT,96.515625,ence-vs-1win-m1-train
28,60,216864,de_train,60,55,1,3,5,-2,300,500,100.0,100.0,300,500,17950,30950,5983.333333333333,6190.0,-13000,-206.66666666666697,0,0.0,0.0,0,0,0,0,0,0,0,CT,96.515625,ence-vs-1win-m1-train
28,70,217504,de_train,70,45,2,2,4,-2,200,400,100.0,100.0,200,400,12650,25350,6325.0,6337.5,-12700,-12.5,0,0.0,0.0,0,0,0,0,0,0,0,CT,96.515625,ence-vs-1win-m1-train
28,80,218144,de_train,80,35,2,2,4,-2,174,400,87.0,100.0,184,400,12650,25350,6325.0,6337.5,-12700,-12.5,0,0.0,0.0,0,0,0,0,0,0,0,CT,96.515625,ence-vs-1win-m1-train
28,90,218784,de_train,90,25,2,1,4,-3,74,400,74.0,100.0,84,400,5100,25350,5100.0,6337.5,-20250,-1237.5,0,0.0,0.0,0,0,0,0,0,0,0,CT,96.515625,ence-vs-1win-m1-train
29,10,219841,de_train,10,105,0,0,3,-3,0,300,0.0,100.0,0,300,0,18050,0.0,6016.666666666667,-18050,-6016.666666666667,0,0.0,0.0,0,0,0,0,0,0,0,CT,123.234375,ence-vs-1win-m1-train
29,20,220481,de_train,20,95,0,5,5,0,500,500,100.0,100.0,400,300,24150,16250,4830.0,3250.0,7900,1580.0,0,0.0,0.0,0,0,0,0,0,0,0,CT,123.234375,ence-vs-1win-m1-train
29,30,221121,de_train,30,85,1,5,5,0,500,500,100.0,100.0,500,500,27350,30450,5470.0,6090.0,-3100,-620.0,0,0.0,0.0,0,0,0,0,0,0,0,CT,123.234375,ence-vs-1win-m1-train
29,40,221761,de_train,40,75,1,5,5,0,500,500,100.0,100.0,500,500,27350,30850,5470.0,6170.0,-3500,-700.0,0,0.0,0.0,0,0,0,0,0,0,0,CT,123.234375,ence-vs-1win-m1-train
29,50,222401,de_train,50,65,1,5,5,0,499,500,99.8,100.0,500,500,27050,30850,5410.0,6170.0,-3800,-760.0,0,0.0,0.0,0,0,0,0,0,0,0,CT,123.234375,ence-vs-1win-m1-train
29,60,223041,de_train,60,55,1,5,5,0,499,404,99.8,80.8,500,489,27050,30850,5410.0,6170.0,-3800,-760.0,0,0.0,0.0,0,0,0,0,0,0,0,CT,123.234375,ence-vs-1win-m1-train
29,70,223681,de_train,70,45,2,3,4,-1,299,400,99.66666666666667,100.0,300,400,14000,25400,4666.666666666667,6350.0,-11400,-1683.333333333333,0,0.0,0.0,0,0,0,0,0,0,0,CT,123.234375,ence-vs-1win-m1-train
29,80,224321,de_train,80,35,2,3,4,-1,299,400,99.66666666666667,100.0,300,400,14000,25400,4666.666666666667,6350.0,-11400,-1683.333333333333,0,0.0,0.0,0,0,0,0,0,0,0,CT,123.234375,ence-vs-1win-m1-train
29,90,224961,de_train,90,25,2,3,4,-1,299,400,99.66666666666667,100.0,300,400,14000,25400,4666.666666666667,6350.0,-11400,-1683.333333333333,0,0.0,0.0,0,0,0,0,0,0,0,CT,123.234375,ence-vs-1win-m1-train
29,100,225601,de_train,100,15,2,1,4,-3,99,366,99.0,91.5,100,397,4500,25100,4500.0,6275.0,-20600,-1775.0,0,0.0,0.0,0,0,0,0,0,0,0,CT,123.234375,ence-vs-1win-m1-train
30,10,227728,de_train,10,105,0,5,5,0,500,500,100.0,100.0,200,397,10000,21650,2000.0,4330.0,-11650,-2330.0,0,0.0,0.0,0,0,0,0,0,0,0,CT,131.609375,ence-vs-1win-m1-train
30,20,228368,de_train,20,95,0,5,5,0,500,500,100.0,100.0,500,497,27050,30200,5410.0,6040.0,-3150,-630.0,0,0.0,0.0,0,0,0,0,0,0,0,CT,131.609375,ence-vs-1win-m1-train
30,30,229008,de_train,30,85,1,5,5,0,500,500,100.0,100.0,500,497,27050,30200,5410.0,6040.0,-3150,-630.0,0,0.0,0.0,0,0,0,0,0,0,0,CT,131.609375,ence-vs-1win-m1-train
30,40,229648,de_train,40,75,1,4,5,-1,352,500,88.0,100.0,369,497,22050,30200,5512.5,6040.0,-8150,-527.5,0,0.0,0.0,0,0,0,0,0,0,0,CT,131.609375,ence-vs-1win-m1-train
30,50,230288,de_train,50,65,1,4,5,-1,352,500,88.0,100.0,369,497,22050,30200,5512.5,6040.0,-8150,-527.5,0,0.0,0.0,0,0,0,0,0,0,0,CT,131.609375,ence-vs-1win-m1-train
30,60,230928,de_train,60,55,1,4,5,-1,352,500,88.0,100.0,369,497,21650,30200,5412.5,6040.0,-8550,-627.5,0,0.0,0.0,0,0,0,0,0,0,0,CT,131.609375,ence-vs-1win-m1-train
30,70,231568,de_train,70,45,2,4,5,-1,352,500,88.0,100.0,369,497,21650,30200,5412.5,6040.0,-8550,-627.5,0,0.0,0.0,0,0,0,0,0,0,0,CT,131.609375,ence-vs-1win-m1-train
30,80,232208,de_train,80,35,2,4,5,-1,352,500,88.0,100.0,369,497,21650,30200,5412.5,6040.0,-8550,-627.5,0,0.0,0.0,0,0,0,0,0,0,0,CT,131.609375,ence-vs-1win-m1-train
30,90,232848,de_train,90,25,2,4,5,-1,352,500,88.0,100.0,369,497,21650,30200,5412.5,6040.0,-8550,-627.5,0,0.0,0.0,0,0,0,0,0,0,0,CT,131.609375,ence-vs-1win-m1-train
30,100,233488,de_train,100,15,2,4,5,-1,352,500,88.0,100.0,369,497,21650,30200,5412.5,6040.0,-8550,-627.5,0,0.0,0.0,0,0,0,0,0,0,0,CT,131.609375,ence-vs-1win-m1-train
31,10,236151,de_train,10,105,0,5,5,0,500,500,100.0,100.0,300,500,18200,26700,3640.0,5340.0,-8500,-1700.0,0,0.0,0.0,0,0,0,0,0,0,0,T,129.4375,ence-vs-1win-m1-train
31,20,236791,de_train,20,95,0,5,5,0,500,500,100.0,100.0,500,500,27350,32550,5470.0,6510.0,-5200,-1040.0,0,0.0,0.0,0,0,0,0,0,0,0,T,129.4375,ence-vs-1win-m1-train
31,30,237431,de_train,30,85,1,5,5,0,500,500,100.0,100.0,500,500,27450,32550,5490.0,6510.0,-5100,-1020.0,0,0.0,0.0,0,0,0,0,0,0,0,T,129.4375,ence-vs-1win-m1-train
31,40,238071,de_train,40,75,1,5,5,0,474,440,94.8,88.0,483,470,27050,32550,5410.0,6510.0,-5500,-1100.0,0,0.0,0.0,0,0,0,0,0,0,0,T,129.4375,ence-vs-1win-m1-train
31,50,238711,de_train,50,65,1,5,5,0,474,440,94.8,88.0,483,470,27050,32550,5410.0,6510.0,-5500,-1100.0,0,0.0,0.0,0,0,0,0,0,0,0,T,129.4375,ence-vs-1win-m1-train
31,60,239351,de_train,60,55,1,5,5,0,474,440,94.8,88.0,483,470,27050,32550,5410.0,6510.0,-5500,-1100.0,0,0.0,0.0,0,0,0,0,0,0,0,T,129.4375,ence-vs-1win-m1-train
31,70,239991,de_train,70,45,2,5,5,0,474,440,94.8,88.0,483,470,27050,32550,5410.0,6510.0,-5500,-1100.0,0,0.0,0.0,0,0,0,0,0,0,0,T,129.4375,ence-vs-1win-m1-train
31,80,240631,de_train,80,35,2,5,5,0,474,440,94.8,88.0,483,470,25650,32550,5130.0,6510.0,-6900,-1380.0,0,0.0,0.0,0,0,0,0,0,0,0,T,129.4375,ence-vs-1win-m1-train
31,90,241271,de_train,90,25,2,5,5,0,474,425,94.8,85.0,483,470,25650,32550,5130.0,6510.0,-6900,-1380.0,0,0.0,0.0,0,0,0,0,0,0,0,T,129.4375,ence-vs-1win-m1-train
31,100,241911,de_train,100,15,2,3,3,0,240,300,80.0,100.0,293,300,15550,20550,5183.333333333333,6850.0,-5000,-1666.666666666667,0,0.0,0.0,0,0,0,0,0,0,0,T,129.4375,ence-vs-1win-m1-train
32,10,244435,de_train,10,105,0,2,0,2,153,0,76.5,0.0,191,0,8100,0,4050.0,0.0,8100,4050.0,0,0.0,0.0,0,0,0,0,0,0,0,T,140.0625,ence-vs-1win-m1-train
32,20,245075,de_train,20,95,0,5,5,0,500,500,100.0,100.0,300,300,16900,16650,3380.0,3330.0,250,50.0,0,0.0,0.0,0,0,0,0,0,0,0,T,140.0625,ence-vs-1win-m1-train
32,30,245715,de_train,30,85,1,5,5,0,500,500,100.0,100.0,500,500,26800,24350,5360.0,4870.0,2450,490.0,0,0.0,0.0,0,0,0,0,0,0,0,T,140.0625,ence-vs-1win-m1-train
32,40,246355,de_train,40,75,1,5,5,0,500,500,100.0,100.0,500,500,26800,29750,5360.0,5950.0,-2950,-590.0,0,0.0,0.0,0,0,0,0,0,0,0,T,140.0625,ence-vs-1win-m1-train
32,50,246995,de_train,50,65,1,4,4,0,400,368,100.0,92.0,400,394,21700,23950,5425.0,5987.5,-2250,-562.5,0,0.0,0.0,0,0,0,0,0,0,0,T,140.0625,ence-vs-1win-m1-train
32,60,247635,de_train,60,55,1,4,4,0,400,368,100.0,92.0,400,394,21500,23950,5375.0,5987.5,-2450,-612.5,0,0.0,0.0,0,0,0,0,0,0,0,T,140.0625,ence-vs-1win-m1-train
32,70,248275,de_train,70,45,2,4,4,0,400,368,100.0,92.0,400,394,21500,23950,5375.0,5987.5,-2450,-612.5,0,0.0,0.0,0,0,0,0,0,0,0,T,140.0625,ence-vs-1win-m1-train
32,80,248915,de_train,80,35,2,4,4,0,400,368,100.0,92.0,400,394,21500,23950,5375.0,5987.5,-2450,-612.5,0,0.0,0.0,0,0,0,0,0,0,0,T,140.0625,ence-vs-1win-m1-train
32,90,249555,de_train,90,25,2,4,3,1,400,273,100.0,91.0,400,297,21500,18150,5375.0,6050.0,3350,-675.0,0,0.0,0.0,0,0,0,0,0,0,0,T,140.0625,ence-vs-1win-m1-train
32,100,250195,de_train,100,15,2,4,3,1,400,273,100.0,91.0,400,297,21500,18150,5375.0,6050.0,3350,-675.0,0,0.0,0.0,0,0,0,0,0,0,0,T,140.0625,ence-vs-1win-m1-train
33,10,253399,de_train,10,105,0,5,5,0,500,500,100.0,100.0,482,300,25800,12450,5160.0,2490.0,13350,2670.0,1,5.234375,34.765625,0,0,0,0,0,0,0,T,136.859375,ence-vs-1win-m1-train
33,20,254039,de_train,20,95,0,5,5,0,500,500,100.0,100.0,482,500,27350,23500,5470.0,4700.0,3850,770.0,1,15.234375,24.765625,0,0,0,0,0,0,0,T,136.859375,ence-vs-1win-m1-train
33,30,254679,de_train,30,85,1,5,5,0,500,500,100.0,100.0,482,500,27350,28950,5470.0,5790.0,-1600,-320.0,1,25.234375,14.765625,0,0,0,0,0,0,0,T,136.859375,ence-vs-1win-m1-train
33,40,255319,de_train,40,75,1,4,4,0,398,338,99.5,84.5,381,375,21650,23150,5412.5,5787.5,-1500,-375.0,1,35.234375,4.765625,0,0,0,0,0,0,0,T,136.859375,ence-vs-1win-m1-train
33,50,255959,de_train,50,65,1,4,4,0,398,284,99.5,71.0,381,369,21150,23150,5287.5,5787.5,-2000,-500.0,1,45.234375,0.0,0,0,0,0,0,0,0,T,136.859375,ence-vs-1win-m1-train
33,60,256599,de_train,60,55,1,4,3,1,398,214,99.5,71.33333333333333,381,289,21150,18100,5287.5,6033.333333333333,3050,-745.833333333333,1,55.234375,0.0,0,0,0,0,0,0,0,T,136.859375,ence-vs-1win-m1-train
33,70,257239,de_train,70,45,2,4,3,1,398,214,99.5,71.33333333333333,381,289,21150,18100,5287.5,6033.333333333333,3050,-745.833333333333,1,65.234375,0.0,0,0,0,0,0,0,0,T,136.859375,ence-vs-1win-m1-train
33,80,257879,de_train,80,35,2,4,3,1,398,214,99.5,71.33333333333333,381,289,21450,18100,5362.5,6033.333333333333,3350,-670.833333333333,1,75.234375,0.0,0,0,0,0,0,0,0,T,136.859375,ence-vs-1win-m1-train
33,90,258519,de_train,90,25,2,4,2,2,398,114,99.5,57.0,381,189,21450,12700,5362.5,6350.0,8750,-987.5,1,85.234375,0.0,0,0,0,0,0,0,0,T,136.859375,ence-vs-1win-m1-train
33,100,259159,de_train,100,15,2,3,2,1,298,114,99.33333333333333,57.0,281,189,14400,12700,4800.0,6350.0,1700,-1550.0,1,95.234375,0.0,0,0,0,0,0,0,0,T,136.859375,ence-vs-1win-m1-train
34,10,262158,de_train,10,105,0,5,5,0,500,500,100.0,100.0,381,100,23300,1650,4660.0,330.0,21650,4330.0,0,0.0,0.0,0,0,0,0,0,0,0,T,176.0,ence-vs-1win-m1-train
34,20,262798,de_train,20,95,0,5,5,0,500,500,100.0,100.0,481,200,26250,12550,5250.0,2510.0,13700,2740.0,0,0.0,0.0,0,0,0,0,0,0,0,T,176.0,ence-vs-1win-m1-train
34,30,263438,de_train,30,85,1,5,5,0,500,500,100.0,100.0,481,400,27450,23400,5490.0,4680.0,4050,810.0,0,0.0,0.0,0,0,0,0,0,0,0,T,176.0,ence-vs-1win-m1-train
34,40,264078,de_train,40,75,1,5,5,0,500,500,100.0,100.0,481,500,27450,29750,5490.0,5950.0,-2300,-460.0,0,0.0,0.0,0,0,0,0,0,0,0,T,176.0,ence-vs-1win-m1-train
34,50,264718,de_train,50,65,1,5,5,0,500,500,100.0,100.0,481,500,27950,30100,5590.0,6020.0,-2150,-430.0,0,0.0,0.0,0,0,0,0,0,0,0,T,176.0,ence-vs-1win-m1-train
34,60,265358,de_train,60,55,1,5,5,0,500,500,100.0,100.0,481,500,27950,30100,5590.0,6020.0,-2150,-430.0,0,0.0,0.0,0,0,0,0,0,0,0,T,176.0,ence-vs-1win-m1-train
34,70,265998,de_train,70,45,2,5,5,0,500,500,100.0,100.0,481,500,27950,30100,5590.0,6020.0,-2150,-430.0,0,0.0,0.0,0,0,0,0,0,0,0,T,176.0,ence-vs-1win-m1-train
34,80,266638,de_train,80,35,2,4,5,-1,400,500,100.0,100.0,400,500,22350,29600,5587.5,5920.0,-7250,-332.5,0,0.0,0.0,0,0,0,0,0,0,0,T,176.0,ence-vs-1win-m1-train
34,90,267278,de_train,90,25,2,3,3,0,248,300,82.66666666666667,100.0,290,300,14800,18050,4933.333333333333,6016.666666666667,-3250,-1083.333333333334,0,0.0,0.0,0,0,0,0,0,0,0,T,176.0,ence-vs-1win-m1-train
34,100,267918,de_train,100,15,2,3,3,0,248,300,82.66666666666667,100.0,290,300,14800,17450,4933.333333333333,5816.666666666667,-2650,-883.3333333333339,0,0.0,0.0,0,0,0,0,0,0,0,T,176.0,ence-vs-1win-m1-train
35,10,273422,de_train,10,105,0,2,0,2,148,0,74.0,0.0,190,0,9400,0,4700.0,0.0,9400,4700.0,0,0.0,0.0,0,0,0,0,0,0,0,CT,85.21875,ence-vs-1win-m1-train
35,20,274062,de_train,20,95,0,5,5,0,500,500,100.0,100.0,300,200,14400,14950,2880.0,2990.0,-550,-110.0,0,0.0,0.0,0,0,0,0,0,0,0,CT,85.21875,ence-vs-1win-m1-train
35,30,274702,de_train,30,85,1,5,5,0,500,500,100.0,100.0,500,500,27350,29750,5470.0,5950.0,-2400,-480.0,0,0.0,0.0,0,0,0,0,0,0,0,CT,85.21875,ence-vs-1win-m1-train
35,40,275342,de_train,40,75,1,5,5,0,500,500,100.0,100.0,500,500,27350,29750,5470.0,5950.0,-2400,-480.0,0,0.0,0.0,0,0,0,0,0,0,0,CT,85.21875,ence-vs-1win-m1-train
35,50,275982,de_train,50,65,1,5,5,0,422,500,84.4,100.0,483,500,27350,29750,5470.0,5950.0,-2400,-480.0,0,0.0,0.0,0,0,0,0,0,0,0,CT,85.21875,ence-vs-1win-m1-train
35,60,276622,de_train,60,55,1,5,5,0,422,500,84.4,100.0,483,500,27350,29750,5470.0,5950.0,-2400,-480.0,0,0.0,0.0,0,0,0,0,0,0,0,CT,85.21875,ence-vs-1win-m1-train
35,70,277262,de_train,70,45,2,5,5,0,422,500,84.4,100.0,483,500,27150,29550,5430.0,5910.0,-2400,-480.0,0,0.0,0.0,0,0,0,0,0,0,0,CT,85.21875,ence-vs-1win-m1-train
35,80,277902,de_train,80,35,2,4,5,-1,322,500,80.5,100.0,383,500,22050,29550,5512.5,5910.0,-7500,-397.5,0,0.0,0.0,0,0,0,0,0,0,0,CT,85.21875,ence-vs-1win-m1-train
